place_id,latitude,longitude,sightings,nearest_open_data_m
ChIJz2sfGAANBGARb_ZLHUaj12I,34.7302796,136.5105054,2,16.0
ChIJC_ZTvYgNBGARSAwreAoKYC8,34.7305940,136.5105054,2,7.4
ChIJa1m2zcENBGAR0cahsjIjEnE,34.7307512,136.5105054,1,0.0
ChIJPVKnaLYMBGARdm1zP3Nt_VY,34.7307512,136.5105054,1,0.0
ChIJPVKnaLYMBGARFpkLD9ApN9I,34.7307512,136.5105054,1,0.0
ChIJFSuhaLYMBGAR8WLveOjkBlM,34.7307512,136.5105054,1,0.0
ChIJ69ITUHoNBGARhPbUHgD0vmg,34.7307512,136.5105054,1,0.0
ChIJX8DqaLYMBGARVH2-BuqP5lU,34.7307512,136.5105054,1,0.0
ChIJsY9MGQANBGAR0IUGlkYb5k0,34.7307512,136.5105054,1,0.0
ChIJNbFPVrMNBGAR0x2x-BsgbQw,34.7309084,136.5105054,2,10.6
ChIJvaRHbrYMBGARoL5ktj4HsSE,34.7307512,136.5108880,1,17.0
ChIJJ-i1H2ANBGAR2HJZ4lIl3vo,34.7310656,136.5105054,1,20.5
ChIJOxRtZLYMBGARrYt-QyQnSgQ,34.7310656,136.5106967,2,16.9
ChIJEeutY7YMBGAREEHLAERlBoA,34.7313800,136.5105054,1,15.4
ChIJr6tLBQANBGAR4jY3PkHkVQU,34.7313800,136.5108880,1,5.5
ChIJb0A98ysNBGARTADZO5s_ssA,34.7313800,136.5108880,1,5.5
ChIJHeb4egANBGARlDNFu32XTBE,34.7313800,136.5108880,1,5.5
ChIJo-w7BfwNBGARzpzFF8RfBm4,34.7313800,136.5108880,1,5.5
ChIJmzREYAANBGARddZFRC2oyKE,34.7313800,136.5108880,1,5.5
ChIJRRcxr-wNBGARVdHb310Bpe8,34.7313800,136.5108880,1,5.5
ChIJi1Q9fbYMBGARMBAN5LGBBYQ,34.7313800,136.5108880,1,5.5
ChIJi1Q9fbYMBGARCe-OufHFqlI,34.7313800,136.5108880,1,5.5
ChIJAQAAAHP0QDURR9_4vJV6WCg,32.8024855,130.7079679,1,3.7
ChIJuzICpPn1QDURWa0vdAat8CU,32.8024855,130.7079679,1,3.7
ChIJc3dCGw30QDURUcLl2uNll28,32.8024855,130.7079679,1,3.7
ChIJI-FBAQ30QDURo471upYu1Wg,32.8024855,130.7079679,1,3.7
ChIJI-FBAQ30QDURu-AcJD0Gd6Q,32.8024855,130.7079679,1,3.7
ChIJI-FBAQ30QDURb9HTT3-VvcA,32.8024855,130.7079679,1,3.7
ChIJI-FBAQ30QDURMVVcvaMYAHM,32.8024855,130.7079679,1,3.7
ChIJy_9hTGj1QDURS_OEWUkl3cM,32.8024855,130.7079679,1,3.7
ChIJb-tDGA30QDURTHvkxImpEOo,32.8024855,130.7079679,1,3.7
ChIJ39AfTw30QDURE3mI9_URyUg,32.8024855,130.7079679,1,3.7
ChIJo9c1PEn1QDURKQVQcoDGXyk,32.8024855,130.7079679,1,3.7
ChIJkTdhWgD1QDURkB1cnGKvU0M,32.8024855,130.7079679,1,3.7
ChIJI-FBAQ30QDURHC1uGeJC1Ek,32.8024855,130.7079679,1,3.7
ChIJ8X_Zhm30QDURjrnLHaWOdJw,32.8024855,130.7079679,1,3.7
ChIJmeaQjY_1QDURVBxxWQkJgyE,32.8024855,130.7079679,1,3.7
ChIJI-FBAQ30QDURoclGWXr4C5U,32.8024855,130.7079679,1,3.7
ChIJBfBBAQ30QDURFmIikxyoBcw,32.8024855,130.7079679,1,3.7
ChIJobbJCA30QDURYxaryzRu1OA,32.8024855,130.7079679,1,3.7
ChIJq7bJCA30QDURAfiF9wDV5_g,32.8024855,130.7079679,1,3.7
ChIJq7bJCA30QDURhyh5fxFhl3Q,32.8024855,130.7079679,1,3.7
ChIJfTdGTWb1QDURHJnvbLfue78,32.8024855,130.7083419,1,3.3
ChIJAcwU_gz0QDURb8-Kjy-74gM,32.8024855,130.7083419,1,3.3
ChIJZ45n_gz0QDURLErxdxqFkfA,32.8024855,130.7083419,1,3.3
ChIJVVEJoN_1QDUREzXb_cUIfl4,32.8024855,130.7083419,1,3.3
ChIJsZAMp5T1QDUR_ASEzbpUJGE,32.8024855,130.7083419,1,3.3
ChIJQe8RMbD1QDURny5G6io0RWg,32.8024855,130.7083419,1,3.3
ChIJAcwU_gz0QDURAwLeuQnj2Ks,32.8024855,130.7083419,1,3.3
ChIJb9SBeSb1QDURsgaTZkEP_C0,32.8024855,130.7083419,1,3.3
ChIJZ4L-KQD1QDURhgbMRxsHpkI,32.8024855,130.7092771,2,5.1
ChIJ3RrZC_v1QDURjByImKHgrMw,32.8026427,130.7090901,2,8.8
ChIJVcU79Pr1QDUR3nA_mqjL-Vc,32.8024855,130.7090901,1,12.1
ChIJ16bTXgz0QDURFIdwcRvNO48,32.8024855,130.7090901,1,12.1
ChIJW9XnWUb1QDUR-aCV9onUt4o,32.8024855,130.7092771,2,5.1
ChIJ-Vdy-Wv1QDUR6Fqa2Ujm4-o,32.8026427,130.7090901,2,8.8
ChIJT_AIXAz0QDUR0LXq1wlieYg,32.8026427,130.7090901,2,8.8
ChIJQ8w-Zgz0QDUR1bGejvsmiuo,32.8024855,130.7094641,1,16.3
ChIJW8uDSwz0QDURirtTaY9Z9XU,32.8027999,130.7087160,1,9.0
ChIJvfMBUAz0QDUR3q2_VlzdWik,32.8027999,130.7087160,1,9.0
ChIJ3a1fbdL1QDURGN-bGEvwTpA,32.8029571,130.7087160,2,5.8
ChIJp-d57A71QDURmBe1dIDjh5E,32.8027999,130.7087160,1,9.0
ChIJ-zJtsPb1QDURqqqUMrWDbGQ,32.8027999,130.7087160,1,9.0
ChIJk9ppOM71QDURNnLppVYVMT4,32.8027999,130.7089030,2,10.1
ChIJnc2kNBr1QDURPybfgP40Lj0,32.8027999,130.7089030,2,10.1
ChIJsSauRQz0QDURHEBHxiMk8uY,32.8027999,130.7089030,2,10.1
ChIJEc7VTgz0QDUR2WhnEvHocYc,32.8027999,130.7089030,2,10.1
ChIJ5WRFTm71QDURwfkEE5je_zw,32.8029571,130.7087160,2,5.8
ChIJH7p4Wgz0QDURcWjSL8tiihc,32.8027999,130.7089030,2,10.1
ChIJ5VOVOAz0QDURDC3THZ2G5zw,32.8027999,130.7089030,2,10.1
ChIJsfx7ajn1QDURooD-Iv-iJM0,32.8027999,130.7090901,1,1.4
ChIJuzrkBgD1QDURhDuHQ6nh9r8,32.8027999,130.7090901,1,1.4
ChIJz9qbzpz1QDURgtYSJDn4-xQ,32.8027999,130.7090901,1,1.4
ChIJ5UYXLAD1QDURjm3PYcQWkC0,32.8027999,130.7090901,1,1.4
ChIJsU-VYQD1QDUR4tzM80Qcbv4,32.8027999,130.7090901,1,1.4
ChIJDVglHAD1QDURqxktksCdt2c,32.8027999,130.7090901,1,1.4
ChIJFzNYWwz0QDURTqBmH7WOKnk,32.8027999,130.7090901,1,1.4
ChIJqbSA2af1QDUR8bghazthHws,32.8027999,130.7092771,2,1.6
ChIJEYRgYAD1QDURr3ItQrlcPXU,32.8027999,130.7092771,2,1.6
ChIJ03-bRAz0QDURye1qOhmh52I,32.8029571,130.7090901,2,3.7
ChIJXXF5Rwz0QDURhVjUYHgOUok,32.8029571,130.7090901,2,3.7
ChIJ-w90Qgz0QDURaWH5ptdIpn8,32.8027999,130.7094641,1,10.2
ChIJp921WgD1QDURJhqY1XGFVxk,32.8032715,130.7079679,2,6.9
ChIJrfiZrg30QDURqsBooJFSolw,32.8032715,130.7079679,2,6.9
ChIJrfiZrg30QDURkZkF_abLt1M,32.8032715,130.7079679,2,6.9
ChIJEc7VTgz0QDUR4hDkfQl_if4,32.8031143,130.7085290,2,4.7
ChIJ51bEfmL1QDURWIvve8PvHAI,32.8031143,130.7085290,2,4.7
ChIJAQAZTAz0QDURxuZyNic0P_w,32.8033239,130.7084666,3,9.3
ChIJn8UP7Pb1QDUR1W0WgYNnz4g,32.8032191,130.7085913,3,5.6
ChIJT0rmq0P1QDURWIRR23ip5RE,32.8032191,130.7085913,3,5.6
ChIJ85Q1gin1QDURtEsACXSrwAk,32.8032191,130.7085913,3,5.6
ChIJE84YTAz0QDURawLmiMFX1qI,32.8032191,130.7085913,3,5.6
ChIJ440prsf1QDUR-GRjM-klk0Q,32.8031143,130.7085290,2,4.7
ChIJFwT_Tgz0QDURL4E0mcELuAA,32.8031143,130.7087160,1,1.6
ChIJI8k_Tgz0QDUROGyzY9WURj4,32.8031143,130.7087160,1,1.6
ChIJ24llR2v1QDUR_qZ7vTQiAPM,32.8031143,130.7087160,1,1.6
ChIJEc7VTgz0QDURpyqxD_f2DOM,32.8032715,130.7087160,2,5.2
ChIJ_QCTTwz0QDUR6tumsaV7D-o,32.8031143,130.7087160,1,1.6
ChIJrWdIHmL1QDURe_NwlGIn1AY,32.8031143,130.7087160,1,1.6
ChIJebaDRwz0QDURNkoShG1aoMc,32.8031143,130.7087160,1,1.6
ChIJRY-lHG_1QDURVn-N4WzdSIg,32.8031143,130.7089030,2,4.3
ChIJ_QCTTwz0QDURw8PxaYCMauI,32.8031143,130.7087160,1,1.6
ChIJN5yBRQz0QDURteOn-asE8gQ,32.8031143,130.7089030,2,4.3
ChIJdU4cTAz0QDURlVmj4G8Siks,32.8032715,130.7087160,2,5.2
ChIJ1-KcGOn1QDUR0bJv6kekJa4,32.8031143,130.7090901,1,3.1
ChIJZZ7MRQz0QDURggbCsQzsI0Y,32.8031143,130.7090901,1,3.1
ChIJ8zRlRgz0QDURi_bFPJhl_b0,32.8031143,130.7090901,1,3.1
ChIJZz_KRQz0QDURrPcsq1uHE8Q,32.8031143,130.7090901,1,3.1
ChIJZZ7MRQz0QDUR_9zOqNQsDJU,32.8031143,130.7090901,1,3.1
ChIJ_____wz0QDURZeBPsJrMrEg,32.8032715,130.7090901,2,5.0
ChIJ3Sv-6931QDURJLek59_oVR8,32.8031143,130.7090901,1,3.1
ChIJt32JVyv1QDURym6b51TQxtI,32.8031143,130.7090901,1,3.1
ChIJ5c9oRQz0QDUROjt6gdE4osE,32.8031143,130.7090901,1,3.1
ChIJk_xnRQz0QDUR8vXrfDeE5JY,32.8031143,130.7090901,1,3.1
ChIJBzhNSAz0QDURYjvEKj1yzCI,32.8034287,130.7087160,1,2.8
ChIJBzhNSAz0QDURUA4ifRZZThE,32.8034287,130.7087160,1,2.8
ChIJhwzqAwD1QDUR5ObIivgs4WQ,32.8034287,130.7087160,1,2.8
ChIJBzhNSAz0QDURVFn01sIrd7s,32.8034287,130.7087160,1,2.8
ChIJb5k51XT1QDURjrTcZOlf1m8,32.8034287,130.7087160,1,2.8
ChIJYXcMSQz0QDUR4Y5CPqLg-E8,32.8034287,130.7087160,1,2.8
ChIJBzhNSAz0QDURT9I-p4NgB8g,32.8034287,130.7087160,1,2.8
ChIJ-YzVgLT1QDUR6liy_W3gWvU,32.8037431,130.7094641,1,15.5
ChIJvZH4uHf1QDUR7hwwqgAORd8,32.8037431,130.7094641,1,15.5
ChIJJdoJY931QDURVKDwIWOXuOU,32.8037431,130.7094641,1,15.5
ChIJSwQdmoj1QDURnBmyIwuLFvo,32.8037431,130.7094641,1,15.5
ChIJHxq01Wv1QDURdpUHn1U5ZPg,32.8037431,130.7094641,1,15.5
ChIJUU_1x-X1QDURK1fHR8cGS98,32.8037431,130.7094641,1,15.5
ChIJ7afda7P1QDURmdQOVA1oF_s,32.8037431,130.7094641,1,15.5
ChIJVZ1sHQD1QDURdELl7RmKcvk,32.8037431,130.7094641,1,15.5
ChIJZ_yuH7v1QDURSs3_3olz02I,32.8037431,130.7094641,1,15.5
ChIJiwXzCvj1QDUREDoJqSaSBPQ,32.8037431,130.7094641,1,15.5
ChIJa88mQgD1QDURavBkuCjjZUw,32.8037431,130.7094641,1,15.5
ChIJL6as6qf1QDURVRWLE2_aUio,32.8037431,130.7094641,1,15.5
ChIJxyCSbwxcGGARyM3zGRRb1jY,35.4630967,139.6153320,1,2.5
ChIJSyDtBAlcGGARM3rZIFgDngY,35.4630967,139.6153320,1,2.5
ChIJp92GbwxcGGARGNXge_DabN8,35.4630967,139.6153320,1,2.5
ChIJEx3OcQxcGGARL5XbcpdaeNU,35.4630967,139.6153320,1,2.5
ChIJBdHOjD9dGGARk142RKVZsz0,35.4632539,139.6153320,2,8.0
ChIJA9fsbgxcGGARq-cxU2iC1xo,35.4632539,139.6153320,2,8.0
ChIJA9fsbgxcGGARYnyQWxpr_jU,35.4632539,139.6153320,2,8.0
ChIJWw4yHbRdGGARlPsN2y9GLB0,35.4630967,139.6155250,2,14.3
ChIJAQBUcgxcGGARpP3WKSwnAQM,35.4632539,139.6153320,2,8.0
ChIJhVLgZwxcGGAR9-aDoB4UG0M,35.4630967,139.6157180,1,10.8
ChIJ25vDaAxcGGARFLLmsIwy7rw,35.4630967,139.6157180,1,10.8
ChIJs74EFgBdGGARBSMCCn9eVAw,35.4632539,139.6157180,2,1.8
ChIJdy68XgxcGGARBgYpbXKxymg,35.4630967,139.6161040,1,8.8
ChIJVVURVwxcGGAROuoGxsTYWEQ,35.4630967,139.6164900,1,6.8
ChIJqbgUo_xdGGARhOctb08ohYE,35.4632539,139.6164900,2,6.7
ChIJU_4qx3RdGGAR56EAXHopRQc,35.4630967,139.6168760,1,6.4
ChIJ4ZkssUNdGGARtxtNfgdUzPU,35.4630967,139.6168760,1,6.4
ChIJAZeceDBdGGARSqKL5Y54xO4,35.4634111,139.6153320,1,9.8
ChIJqXx2HJZdGGARc9pmJp8kkZQ,35.4634111,139.6161040,1,2.7
ChIJ8UM8y1tdGGARl02bVAM18qw,35.4634111,139.6161040,1,2.7
ChIJdX526QpdGGARRJOdwB7bxO0,35.4634111,139.6161040,1,2.7
ChIJQWF1RAxcGGARAsskSLTBI7Q,35.4634111,139.6161040,1,2.7
ChIJ5ZCPXd9dGGARibnokkJgPGI,35.4634111,139.6161040,1,2.7
ChIJvS_1zaddGGARfj3jeMuxq0w,35.4635683,139.6161040,2,1.1
ChIJRfYiQgxcGGAR_I68hdTY5OU,35.4634111,139.6161040,1,2.7
ChIJ8wHxQwxcGGARxCNf7oX9ypQ,35.4635683,139.6161040,2,1.1
ChIJ3TKCgfBdGGARj23k7sEcct8,35.4634111,139.6162970,2,11.2
ChIJIx_LRQxcGGAR2FawyR5HH4o,35.4635683,139.6161040,2,1.1
ChIJ7ew0sOxdGGARE9DkbsmDz-s,35.4634111,139.6164900,1,5.2
ChIJK35hUwxcGGARiUx3vFUolmE,35.4634111,139.6168760,1,13.9
ChIJx4auVAxcGGARugcWI6--sog,35.4634111,139.6168760,1,13.9
ChIJ-zSrEwxcGGARQbb31XPPvjs,35.4637255,139.6155250,2,2.7
ChIJ3YJuEwxcGGARHO4iqv-yHzI,35.4637255,139.6155250,2,2.7
ChIJ5UVpEwxcGGAR6ycoE3lF8fo,35.4637255,139.6155250,2,2.7
ChIJOXF2lfxdGGARabVsE-AB-Mg,35.4637255,139.6155250,2,2.7
ChIJp7HBANtdGGARk8u1AGg4GUM,35.4638827,139.6157180,2,4.2
ChIJVVXhQAxcGGAR0Hr7atO76g4,35.4637255,139.6161040,1,2.1
ChIJU4uE2JtdGGARc9iicD0p1X0,35.4637255,139.6161040,1,2.1
ChIJ-96UCABdGGARYpnZmiDST0o,35.4637255,139.6161040,1,2.1
ChIJWUm6-kVdGGARPNkAi71618U,35.4637255,139.6161040,1,2.1
ChIJXYJvOAxcGGARapx0MN2-600,35.4637255,139.6161040,1,2.1
ChIJXYJvOAxcGGARo64-zgVf52A,35.4637255,139.6161040,1,2.1
ChIJc9CIgbldGGARcetBJOR9pJg,35.4637255,139.6161040,1,2.1
ChIJVVXhQAxcGGARtDVIBcOSE_s,35.4637255,139.6161040,1,2.1
ChIJMwDlQAxcGGAReUPym8myj3A,35.4637255,139.6161040,1,2.1
ChIJq5Uf0W1dGGARUUd83WUjLfI,35.4637255,139.6161040,1,2.1
ChIJk9zpQAxcGGARQzZOduqd8ek,35.4637255,139.6161040,1,2.1
ChIJ792NCgBdGGARM35vtWy-0U4,35.4637255,139.6162970,2,8.3
ChIJC50ju6JdGGARP92c_8combA,35.4637255,139.6164900,1,9.6
ChIJVdc2RgxcGGARDPV1bTqAdY4,35.4638827,139.6164900,2,3.4
ChIJD66eJABdGGAR5F_1LOwdskE,35.4640399,139.6164900,1,10.2
ChIJBTeqkG1dGGARAJOYBXClcFs,35.4640399,139.6168760,1,9.7
ChIJ60PbSQxcGGARa_p_6XmmO2I,35.4640399,139.6168760,1,9.7
ChIJ66kk9updGGARwbGRyy1COG0,35.4640399,139.6168760,1,9.7
ChIJP-N7MwxcGGAR_IACLq8IlMI,35.4640399,139.6168760,1,9.7
ChIJSfXnNAxcGGARvvXBZYlaxFQ,35.4640399,139.6168760,1,9.7
ChIJNQX-SgxcGGAREgyWtqNkV8Y,35.4640399,139.6168760,1,9.7
ChIJfXYVAwxcGGARDyNJ8DAHQGo,35.4643543,139.6153320,1,55.2
ChIJl1gi6A1cGGARniXJBlP3vkc,35.4643543,139.6161040,1,9.8
ChIJ0xAYtA1cGGARWZcsEmkHBbI,35.4643543,139.6166830,2,27.9
ChIJ_dtrh-pdGGARWuQU0u4ZyOY,35.4643543,139.6168760,1,20.1
ChIJE5HudRddGGARylRBwRpJBPs,35.4643543,139.6168760,1,20.1
ChIJ56fpdj-bImAR-mIBvhhNhK8,35.5910639,140.1223669,1,1.0
ChIJ-wCJ02KbImARaj6D-x6vELU,35.5910639,140.1225602,2,16.2
ChIJfZFbZz-bImARw12r80KHGi0,35.5916927,140.1219803,1,15.2
ChIJoYkilp_0GGARpeB_uHhSydk,35.6457493,139.6695643,2,10.5
ChIJxXvYlp_0GGARz0zRkwZEsAo,35.6457493,139.6697577,1,5.0
ChIJdVeLMAX1GGARno4QRh2SazU,35.6457493,139.6697577,1,5.0
ChIJI28jkZ_0GGARudBBKwgcMjw,35.6457493,139.6697577,1,5.0
ChIJI28jkZ_0GGARMdmnm9Dso2Y,35.6457493,139.6697577,1,5.0
ChIJhwc0FIr1GGAR7LscreVFoIY,35.6457493,139.6697577,1,5.0
ChIJg1d4qgj1GGAROmOW59Rh-cE,35.6457493,139.6697577,1,5.0
ChIJA6UcPWX1GGAR1B5U5CfMErk,35.6457493,139.6697577,1,5.0
ChIJb8WuMAD1GGAR4qerJU6u86k,35.6457493,139.6697577,1,5.0
ChIJ6auRk5_0GGARduRGGORQTQU,35.6459065,139.6697577,2,6.4
ChIJUbsYHCP1GGARPa4n9f6LrPs,35.6459065,139.6697577,2,6.4
ChIJe55NhZ_0GGARuSPBwoFS0Pc,35.6457493,139.6701446,1,5.2
ChIJ3aaymp_0GGARdOcZQ2tBn5s,35.6457493,139.6701446,1,5.2
ChIJe55NhZ_0GGARriG6_FowK5Y,35.6457493,139.6701446,1,5.2
ChIJ5_GMWqv1GGAR35wOkfr2lHo,35.6457493,139.6701446,1,5.2
ChIJe55NhZ_0GGARPwFijGMrTyE,35.6457493,139.6701446,1,5.2
ChIJS3mbal71GGARYaNYh1lbtkA,35.6457493,139.6701446,1,5.2
ChIJRVW9mp_0GGAR7eqlL3YFCuw,35.6457493,139.6701446,1,5.2
ChIJlTD1S5_0GGARBsYCtw5u3aY,35.6459065,139.6701446,2,1.9
ChIJS-EMj5_0GGARnOyuyLir3sA,35.6459065,139.6701446,2,1.9
ChIJxUAMj5_0GGARW19kj-HEEKQ,35.6459065,139.6701446,2,1.9
ChIJlTUGhp_0GGARHhWT9W_vC60,35.6457493,139.6701446,1,5.2
ChIJB9vRpzX1GGARUDA4_SU58GU,35.6459065,139.6701446,2,1.9
ChIJl2rwR7r1GGAR9amhi-lfnxk,35.6459065,139.6701446,2,1.9
ChIJRcHLhJ_0GGARrUuIXQFKLhE,35.6457493,139.6701446,1,5.2
ChIJN8nCa-f1GGARWHrxMwi1U3o,35.6460637,139.6689839,1,26.7
ChIJX1afFfv1GGARD2feKWQDeb8,35.6460637,139.6693708,1,6.5
ChIJLR5GdS31GGARLOmJ0Q5lUwU,35.6462733,139.6694998,3,12.6
ChIJ4R5n6p_0GGAR_kaFQ1eKls4,35.6462733,139.6694998,3,12.6
ChIJ4R5n6p_0GGARluYwKRBJ3Ew,35.6462733,139.6694998,3,12.6
ChIJ3dnmbwD1GGARMia965JazYo,35.6460637,139.6697577,1,2.0
ChIJdVGRk5_0GGARzOqyxI5Fsak,35.6460637,139.6697577,1,2.0
ChIJLyRHk5_0GGARe-E5KaTU_Nk,35.6460637,139.6697577,1,2.0
ChIJW7Z5k5_0GGARRcmP409q11I,35.6460637,139.6697577,1,2.0
ChIJ6auRk5_0GGARFrbysVq1ieY,35.6460637,139.6697577,1,2.0
ChIJmzTsGWn1GGAR90VdV3lpkHk,35.6460637,139.6697577,1,2.0
ChIJFyi3k5_0GGARBJdKMAeI-1I,35.6460637,139.6699512,2,2.0
ChIJH21Ak5_0GGAR_f9NDvW_MHs,35.6462209,139.6697577,2,2.6
ChIJW37bJuj1GGARAI85wjiYxvQ,35.6460637,139.6699512,2,2.0
ChIJGxuuk5_0GGARtGAmyKZRNqY,35.6460637,139.6699512,2,2.0
ChIJFyi3k5_0GGARsOW7JvBNNLU,35.6460637,139.6699512,2,2.0
ChIJ2eM_2BP1GGARQ0CwWWzYvcA,35.6462209,139.6697577,2,2.6
ChIJoUmikZ_0GGARIAFXRs4P9X4,35.6460637,139.6699512,2,2.0
ChIJoUmikZ_0GGAR75jYC2cz9YU,35.6460637,139.6699512,2,2.0
ChIJhWhzjp_0GGARUl7_8QmjhFA,35.6460637,139.6701446,1,1.9
ChIJhWhzjp_0GGAR-qGzT8ts_1M,35.6460637,139.6701446,1,1.9
ChIJjQoCzSX1GGARK-I-vjAfSnk,35.6460637,139.6701446,1,1.9
ChIJhWhzjp_0GGARtsi4ck1GV_c,35.6460637,139.6701446,1,1.9
ChIJ1xRrBhr1GGAR2_0YwoLYpOk,35.6460637,139.6701446,1,1.9
ChIJy4oC9Ef1GGART8Rm4dZ3v2E,35.6462209,139.6701446,2,10.5
ChIJQVxqwp_0GGARYU7jKe60Qjs,35.6463781,139.6693708,1,4.8
ChIJOSaRLtf1GGARAfgA4feWvE8,35.6463781,139.6693708,1,4.8
ChIJwX2U6Z_0GGARZCm5JqwEl40,35.6463781,139.6695643,2,5.6
ChIJLUKa6Cf1GGAR8IKeiRWgamY,35.6463781,139.6697577,1,7.0
ChIJ9Vof7Z_0GGARy38MaiftcEY,35.6463781,139.6699512,2,7.8
ChIJ9Vof7Z_0GGARgz7UYVhHBL4,35.6463781,139.6699512,2,7.8
ChIJd7VG7Z_0GGARMVV4pYmBwgc,35.6463781,139.6701446,1,7.7
ChIJg34ZGgD1GGARB_KmsRsyIUw,35.6463781,139.6701446,1,7.7
ChIJL8srhIT1GGARXnCS22s1izA,35.6465353,139.6701446,2,16.8
ChIJY2qh85_0GGARENBTlbvxYwo,35.6463781,139.6701446,1,7.7
ChIJty0SYgD1GGARnTHbtnQzJSY,35.6466925,139.6693708,1,5.7
ChIJNZPcCBT1GGARrzNk9ZLeN90,35.6466925,139.6693708,1,5.7
ChIJA-du3Z_0GGARPSYoQymdxXM,35.6466925,139.6693708,1,5.7
ChIJwdvw6sj1GGARsvkRwx7VMbg,35.6466925,139.6695643,2,9.6
ChIJ4ZYl5p_0GGARshooRrWpKtg,35.6466925,139.6695643,2,9.6
ChIJmYo65p_0GGARGeib7B2MK-E,35.6466925,139.6695643,2,9.6
ChIJmYoashz1GGARUNLcCgPrgiU,35.6466925,139.6697577,1,5.5
ChIJw1QScQD1GGARX1nGwIFGGHM,35.6466925,139.6697577,1,5.5
ChIJHRznuuXzGGARyxKlP4xPTZY,35.6466925,139.6697577,1,5.5
ChIJAQAAwJ_0GGARyK8hfCzxvVE,35.6466925,139.6697577,1,5.5
ChIJRQPQHfL1GGARv1IIPSJce8E,35.6466925,139.6697577,1,5.5
ChIJA7Daunv1GGARSJybIJEHojs,35.6466925,139.6697577,1,5.5
ChIJmYo65p_0GGARef-df5_xX-I,35.6466925,139.6697577,1,5.5
ChIJz7Qg4Xn1GGARp-G-PPhZIRA,35.6466925,139.6699512,2,16.6
ChIJGT-wIGDzGGARrI_0qCJolWM,35.6470069,139.6691773,2,4.4
ChIJGT-wIGDzGGARs4P6DmqHnaw,35.6470069,139.6691773,2,4.4
ChIJ65z7j5b1GGARxdKMMdAUQyk,35.6470069,139.6691773,2,4.4
ChIJB27F4J_0GGARs38KB3Pfkxk,35.6470069,139.6695643,2,2.9
ChIJbT_x35_0GGARrFudHItevT0,35.6470069,139.6693708,1,14.6
ChIJC_RNxtH1GGARGj_gcHLnV5o,35.6470069,139.6697577,1,20.3
ChIJe2Hf5J_0GGARYCNLz9RBXkk,35.6470069,139.6697577,1,20.3
ChIJOXVKnzKrGWARWzr4RkcUBRY,35.4388374,139.3645446,1,20.1
ChIJD4OiNl2rGWARtfUeYr2YGAM,35.4388374,139.3645446,1,20.1
ChIJfzEiemZVGGARbl8OH9x85GE,35.4388374,139.3645446,1,20.1
ChIJsdH8p9urGWARO0D4WbVt6lw,35.4388374,139.3649305,1,15.8
ChIJ10XaHMKqGWARtPwfbn3tQt8,35.4388374,139.3660882,1,20.8
ChIJN7_j57KqGWAR8U1jDtKfcwE,35.4393090,139.3645446,2,6.2
ChIJV1gbigKrGWARMUKLLjIkS8I,35.4393090,139.3645446,2,6.2
ChIJp5ro17KqGWARX8yzDocyJeY,35.4393090,139.3645446,2,6.2
ChIJ5QPGhJarGWARaWbpePs7m0Q,35.4391518,139.3645446,1,0.6
ChIJp5ro17KqGWARJjKE9wshCro,35.4391518,139.3645446,1,0.6
ChIJTWa417KqGWARA2BYbraC-_8,35.4393090,139.3649305,2,13.5
ChIJvfGhZ92rGWARSRZWqj7nbs4,35.4394662,139.3645446,1,8.6
ChIJrato3bKqGWAR3XHtrSkN94g,35.4394662,139.3645446,1,8.6
ChIJr4XZvVyrGWARzsH-NFVz7JA,35.4394662,139.3645446,1,8.6
ChIJZzjC17KqGWARpUtozeLIwTk,35.4394662,139.3645446,1,8.6
ChIJ85s-Mz6rGWARF4nDslCJdFo,35.4394662,139.3647375,2,5.8
ChIJN7_j57KqGWARwYjNJx9TT3o,35.4394662,139.3645446,1,8.6
ChIJZzjC17KqGWARCR3tWmJPYTQ,35.4394662,139.3647375,2,5.8
ChIJveDTDRGrGWARX71OcSS-KV0,35.4394662,139.3647375,2,5.8
ChIJm1mN-HirGWARMLzG1E5WhPY,35.4394662,139.3645446,1,8.6
ChIJZzjC17KqGWARted_ZjlXN6A,35.4394662,139.3649305,1,14.3
ChIJZzjC17KqGWARPVR0dkXhmT8,35.4394662,139.3649305,1,14.3
ChIJYc1hPPirGWARmJ5WRZzgCyw,35.4394662,139.3651234,2,7.5
ChIJm-Mhi2-rGWARwZk23HVV5II,35.4394662,139.3651234,2,7.5
ChIJYS5sDdurGWARhI_hYzhSDF4,35.4396234,139.3649305,2,16.1
ChIJG4X6NVGrGWARpzeSNaI_7IE,35.4396234,139.3649305,2,16.1
ChIJqWOzvJqrGWARWtx_sPWBsSU,35.4396234,139.3649305,2,16.1
ChIJV2i5KrOqGWARts6IKkxKm3c,35.4394662,139.3651234,2,7.5
ChIJV2i5KrOqGWARN8LWE-fpVR0,35.4394662,139.3653164,1,0.4
ChIJV2i5KrOqGWARqbUJeN2Wz9g,35.4394662,139.3653164,1,0.4
ChIJiX7h1LKqGWAROcQhZGEfAps,35.4396234,139.3653164,2,6.3
ChIJD4IF1bKqGWARiwKojUwQglA,35.4394662,139.3653164,1,0.4
ChIJiX7h1LKqGWAR8D_3mdf-3hM,35.4396234,139.3653164,2,6.3
ChIJiX7h1LKqGWARgjYRB31H60I,35.4396234,139.3653164,2,6.3
ChIJS_1N2kxVGGAR9AXQlmPVync,35.4394662,139.3660882,1,4.3
ChIJFyQm2kxVGGARDGElHHPTAJw,35.4394662,139.3660882,1,4.3
ChIJBRRW0JSrGWARa-D13_ub3cQ,35.4399378,139.3645446,2,8.0
ChIJmTLJzmCrGWAR03guSAYLDOs,35.4399378,139.3645446,2,8.0
ChIJPSlrxbKqGWARCGd9QjCAtiI,35.4397806,139.3645446,1,5.0
ChIJ__9CxbKqGWARazxMHlN8KPI,35.4399378,139.3645446,2,8.0
ChIJp5ro17KqGWARNPHOxuKYqj4,35.4397806,139.3647375,2,5.5
ChIJp5ro17KqGWARa2SnAzF_w9c,35.4397806,139.3649305,1,6.9
ChIJPZxb2rKqGWARTcdC_3oAlig,35.4399378,139.3649305,2,9.6
ChIJv3RkbQCrGWARpKBj4A7g8Cg,35.4397806,139.3649305,1,6.9
ChIJoS5XUwNVGGAR0mfAhsbPEU4,35.4397806,139.3655094,2,8.1
ChIJ2c5SwfWrGWARmeuK3Cuba_E,35.4399378,139.3653164,2,5.6
ChIJ4xiYK01VGGARKCF-xe3ZZ9o,35.4397806,139.3655094,2,8.1
ChIJp5ro17KqGWARMJQvLL333Uk,35.4399378,139.3653164,2,5.6
ChIJlaRbf9urGWARkZkknSj9hKs,35.4399378,139.3653164,2,5.6
ChIJmb24DwCrGWARenUwX5PpBiI,35.4400950,139.3649305,1,7.8
ChIJX_QnpPOrGWARzsgipQhAKXA,35.4400950,139.3649305,1,7.8
ChIJv_gZ6durGWARMOdoYZ3ozoY,35.4400950,139.3649305,1,7.8
ChIJSWZypvurGWARaatbYExSOpg,35.4400950,139.3649305,1,7.8
ChIJxSstks-rGWARLbGultZJZvE,35.4400950,139.3649305,1,7.8
ChIJZRhe9TGrGWARFFi5ZF4WOuc,35.4400950,139.3649305,1,7.8
ChIJ-QBWaACrGWAROQS1yleFLMk,35.4400950,139.3649305,1,7.8
ChIJC5GBbc6rGWARJKwJ4g9OvEw,35.4400950,139.3649305,1,7.8
ChIJ3S5APwCrGWARmU6vp9eTzr0,35.4400950,139.3649305,1,7.8
ChIJ0d-yokyrGWARopvMJI2lwCU,35.4400950,139.3649305,1,7.8
ChIJBdKB4YirGWARAwBaFpEQbiA,35.4400950,139.3649305,1,7.8
ChIJ-Uio8PKrGWARWpLnffKJILE,35.4400950,139.3649305,1,7.8
ChIJ1y9Egq2qGWARC-lDDPUKihw,35.4400950,139.3649305,1,7.8
ChIJCyX7IACrGWARs7TKTMOWbxQ,35.4400950,139.3649305,1,7.8
ChIJ2wIkGQCrGWARdEbIDTOfxjw,35.4400950,139.3653164,1,3.0
ChIJ1SEV6LKqGWAR_wG7gqsP-qo,35.4400950,139.3653164,1,3.0
ChIJd6lfRCBVGGARI3cDPYVdgTE,35.4400950,139.3655094,2,1.8
ChIJC3PsLU1VGGARpAxXQHTVu8E,35.4400950,139.3655094,2,1.8
ChIJFzt0BwCrGWAR86EvcLwtl40,35.4400950,139.3655094,2,1.8
ChIJp5ro17KqGWAR5P3Bc45fLos,35.4400950,139.3655094,2,1.8
ChIJg2A5Mk1VGGAR6wFqdwG6EI0,35.4400950,139.3653164,1,3.0
ChIJy0U5Mk1VGGARDiftewHvF3A,35.4400950,139.3653164,1,3.0
ChIJf3QBEwBVGGARAujE9STg7lA,35.4400950,139.3657023,1,10.4
ChIJXXpEwEBVGGAR8jyqhtOTNSY,35.4400950,139.3657023,1,10.4
ChIJy7OfAmZVGGARk0ol4hj2kQ0,35.4400950,139.3658953,2,6.5
ChIJi9vXoOVVGGARKSJGKIgyv3c,35.4400950,139.3658953,2,6.5
ChIJ238kMk1VGGAR_SE4t0VBnO4,35.4400950,139.3657023,1,10.4
ChIJL8TNIE1VGGARr2_R6NMn62I,35.4400950,139.3660882,1,19.2
ChIJL8TNIE1VGGARdw2-CmanwkQ,35.4400950,139.3660882,1,19.2
ChIJWSwI_SphPjUR0I6X2PhySlY,31.5748218,130.5449460,2,16.9
ChIJBVFDPABnPjURH6O6-jKAtv8,31.5748218,130.5451305,1,19.7
ChIJUQWZxjdnPjURQUmorZbZF7U,31.5751362,130.5443924,1,10.6
ChIJu6Zw6DdnPjURh1YrVtbH-6A,31.5754506,130.5443924,1,3.4
ChIJ5SbRigZnPjURCDqOytzLO28,31.5756078,130.5443924,2,8.5
ChIJMRuzTFxnPjUR04Xc3QnRD8c,31.5756078,130.5447614,2,10.8
ChIJf6Os4TdnPjURViI63cl5yC8,31.5759222,130.5443924,2,1.3
ChIJM8s-k3FnPjURWCyd_S_ZmsM,31.5759222,130.5443924,2,1.3
ChIJLWpuH0hnPjURMPwsC7bWORU,31.5760794,130.5443924,1,14.0
ChIJG0xBsRqNHmARm6rcioHyhc8,36.3425003,139.0092376,1,23.6
ChIJR6Ep1QyNHmAR1KuHRhql7vY,36.3428147,139.0084569,1,7.3
ChIJ2yog1nKNHmARs5k6Fhz5AGk,36.3431291,139.0084569,1,31.0
ChIJfV0xu-CNHmARjsiv5aBTAxY,36.3434435,139.0086521,2,23.1
ChIJnxhXKA2NHmARyFDC2G3EGek,36.3436007,139.0088472,2,13.7
ChIJ4f9JMA2NHmARtCvfyV_s0kY,36.3437579,139.0092376,1,15.1
ChIJYdlGgKJgGGARQFIWDl6VuyA,35.5318375,139.6999951,2,9.4
ChIJyewAlZhgGGAR1Vwf3AOW6n0,35.5318375,139.7001882,1,11.1
ChIJ23WOZQBhGGAR5LHJwpfff-0,35.5319947,139.7001882,2,6.3
ChIJTzfmjeFhGGARVSCZzslDVVI,35.5319947,139.7001882,2,6.3
ChIJET6fFphgGGARctfEH5rXKio,35.5318375,139.7003814,2,6.8
ChIJ5VpDbfhhGGARENtAqFV7-Js,35.5318375,139.7005746,1,2.0
ChIJnzwkF5hgGGAR_GNP0QFehaE,35.5318375,139.7005746,1,2.0
ChIJ79oIut9hGGAR8_FMdJzjNpw,35.5318375,139.7005746,1,2.0
ChIJizihnPthGGARbYExJ2u5Dgc,35.5318375,139.7007678,2,5.9
ChIJowY7yydhGGARmwbx6pMA0lI,35.5318375,139.7007678,2,5.9
ChIJP2xlGphgGGARBFP46f2NyXw,35.5318375,139.7007678,2,5.9
ChIJE9vgbwBhGGARANhpRCF5jJQ,35.5318375,139.7007678,2,5.9
ChIJ19x3tKthGGAReKCAUcy_Z7w,35.5319947,139.7005746,2,3.4
ChIJN8E-EZhgGGARAtAGNBbSiCI,35.5318375,139.7005746,1,2.0
ChIJQwdSHJhgGGAROe6De8Ymis8,35.5318375,139.7009610,1,2.8
ChIJh4O0zDlhGGARNTz0Fu8IPQI,35.5318375,139.7009610,1,2.8
ChIJYTktyA1hGGARlDc7KmnBonM,35.5318375,139.7009610,1,2.8
ChIJF4rT7kRhGGARxO-5H4vRNuo,35.5318375,139.7009610,1,2.8
ChIJr0nApfZhGGARAF8E_wHi5-w,35.5318375,139.7009610,1,2.8
ChIJCysHHZhgGGARPLS9pLaMWoU,35.5318375,139.7009610,1,2.8
ChIJj2wvKwBhGGARn2CC-Fhfk08,35.5318375,139.7009610,1,2.8
ChIJSeHC5LthGGARxYVKLVVCOMw,35.5318375,139.7009610,1,2.8
ChIJhYymGwBhGGAR_HrGYb6_woA,35.5318375,139.7009610,1,2.8
ChIJP0JH2kNhGGARxdYuAXbh4Lo,35.5321519,139.6999951,2,12.0
ChIJNwNBemxhGGAR7cdOiBkRer8,35.5321519,139.7001882,1,10.2
ChIJ5204mC5hGGARAgxIbepHmK4,35.5321519,139.7003814,2,6.8
ChIJ74rYF5hgGGARqd1eC4jf6Dk,35.5321519,139.7003814,2,6.8
ChIJyWQDsh5hGGAR9s-B2oXHfBg,35.5321519,139.7005746,1,4.3
ChIJrd_FFZhgGGARjCGKAJ_M1L8,35.5321519,139.7007678,2,15.6
ChIJIzGLGJhgGGARTdGlCUre2vk,35.5323091,139.7009610,2,28.9
ChIJw0HFO5hgGGARUvUarHYdAc8,35.5324663,139.7003814,2,3.7
ChIJ9VWxF5hgGGARDeRt2VrOFQg,35.5324663,139.7005746,1,3.8
ChIJsx-OGJhgGGAR3MgYkhG-Wos,35.5324663,139.7005746,1,3.8
ChIJ0fMSIphgGGARmibF_uqGXVA,35.5324663,139.7009610,1,31.5
ChIJrYapTphgGGARumkSkuAS3sw,35.5327807,139.6998019,1,7.1
ChIJq6quTphgGGARvLtYHK6cDGk,35.5327807,139.6998019,1,7.1
ChIJUyzXz-1hGGARiBhhOCU41Xw,35.5327807,139.6998019,1,7.1
ChIJrYapTphgGGAR9GRrbpZrDuo,35.5327807,139.6998019,1,7.1
ChIJrYapTphgGGAR42_UCH_Kxd0,35.5327807,139.6998019,1,7.1
ChIJVwqeXiFhGGAR7ddkMU8LKFw,35.5329379,139.6998019,2,8.1
ChIJN4nlOJhgGGARSUd-yjUcAcs,35.5327807,139.7005746,1,0.9
ChIJQ5GQFphgGGARaJ9iSM9i8qY,35.5327807,139.7007678,2,11.4
ChIJgzDRNJhgGGARwrE9ReboPlc,35.5330951,139.7001882,1,7.4
ChIJJ-qLE-FhGGARlmMWXl9XLgw,35.5330951,139.7001882,1,7.4
ChIJQ_PtJdhhGGAR-vcXgeCz6EA,35.5330951,139.7001882,1,7.4
ChIJsaFIjsJhGGARm_qYR5633ms,35.5330951,139.7001882,1,7.4
ChIJd5SUuWthGGAR_SVQ6wgHJuQ,35.5330951,139.7001882,1,7.4
ChIJiRSWdTphGGARXAHccCf1Gjc,35.5330951,139.7001882,1,7.4
ChIJgzDRNJhgGGARGlJsCZpeQk8,35.5330951,139.7001882,1,7.4
ChIJAYBxyExhGGARaTWQgWJk0ow,35.5330951,139.7001882,1,7.4
ChIJMbVPsrBhGGARVWKLspAlytw,35.5330951,139.7001882,1,7.4
ChIJgaZFNZhgGGARhBluWTrpzMQ,35.5330951,139.7001882,1,7.4
ChIJTyz3SCdhGGARIFJ8jWGFK94,35.5330951,139.7001882,1,7.4
ChIJyZ-iKQBhGGAR9WUdmoVKhjs,35.5330951,139.7007678,2,19.1
ChIJhe-LOfObUzUR4vK6bmvOsxU,34.2894002,134.2536084,2,13.3
ChIJvY_4NZFhA2AReUOXhj7nxyA,35.0904871,137.0726481,1,1.4
ChIJ2ThF08lhA2ARIZP4dXOU1Nk,35.0904871,137.0726481,1,1.4
ChIJBZ1-uaKgA2ARxDwDNUVKHSQ,35.2962446,136.8164040,2,10.4
ChIJ57vWyaKgA2ARgumc46oIy_s,35.2964018,136.8160188,1,5.0
ChIJoWHe8_qBBGARJ2InNPW7VTQ,34.9380372,136.8274611,1,10.5
ChIJ8f5uCnWABGARd4oyED_mWTI,34.9386660,136.8266940,1,0.6
ChIJ9QaAqf1JGmAR0Rv--Z2Z5Wo,34.9737238,138.3994831,1,25.6
ChIJsVlT8v1JGmARX5A4xtguzxs,34.9745098,138.3983320,2,3.6
ChIJS7YWdXs3GmARRho3BSbOfEI,34.9743526,138.3990994,1,12.3
ChIJmUSvzfngGGARY8MREsujbbU,35.7335011,139.4087516,2,136.7
ChIJDeoNcwDhGGARbipNNVBhm6c,35.7333439,139.4093326,2,183.4
ChIJjx_TLPjgGGARx6x_VjFE1yc,35.7336583,139.4085579,2,112.7
ChIJeS4K0vngGGARRjYS5Ebn_Z0,35.7336583,139.4087516,1,122.5
ChIJmTtOHWafc18RbAVtEWZJSkQ,42.9786477,143.2069657,2,2.8
ChIJ___L4Hefc18RjK98avAVqMY,42.9788049,143.2069657,1,0.3
ChIJ-8shJgWMGGAR0yDXWS4lg84,35.6945166,139.7649153,1,8.3
ChIJRxygEQCNGGARapvEL04ggA4,35.6945166,139.7649153,1,8.3
ChIJQ0rYTaaNGGARpXUbSobtn3I,35.6946738,139.7653025,2,26.1
ChIJOa1e2gSMGGARjiOW4NjirmE,35.6945166,139.7656896,1,13.3
ChIJVVWVxQSMGGARepPjnzW2-Cg,35.6945166,139.7660767,1,13.7
ChIJLeKuvQSMGGARadVS7L2ejnI,35.6945166,139.7664639,1,8.6
ChIJLeKuvQSMGGAR2HSeUfyEetg,35.6945166,139.7664639,1,8.6
ChIJJ9zW1BqMGGARfIp-qxuT1pg,35.6948310,139.7651089,2,10.2
ChIJOXYv3aqNGGAR9AiqI56sdIw,35.6948310,139.7649153,1,12.8
ChIJIagAawCNGGARvwW9Z6rmvS0,35.6948310,139.7649153,1,12.8
ChIJXdA3nZCNGGARO9ylj2FvD8U,35.6948310,139.7654960,2,2.7
ChIJyfyu1ASMGGARUoeK_yVlXUg,35.6948310,139.7654960,2,2.7
ChIJWXBR0wSMGGARRtLk0RubEDM,35.6948310,139.7656896,1,7.1
ChIJv9k8LRuMGGARbldbtpre1oc,35.6949882,139.7656896,2,1.5
ChIJv8hF0wSMGGARSBXO8-2Mh0o,35.6948310,139.7656896,1,7.1
ChIJFZOG0gSMGGARLCx2LGz54I8,35.6949882,139.7656896,2,1.5
ChIJVVXhzASMGGARvO3OyrpNlWI,35.6949882,139.7660767,2,5.9
ChIJaX3VAwGMGGARbHc4XStP4no,35.6953026,139.7649153,2,1.8
ChIJ_czBZxuMGGARbwFknv140dI,35.6951454,139.7656896,1,9.8
ChIJi8oOa_-NGGARI5gh6aSXNxs,35.6953026,139.7656896,2,7.5
ChIJ9aZJUwCNGGAR6K5DTl-3xQk,35.6953026,139.7660767,2,7.2
ChIJq6qfygSMGGARJgbpmoWLoUg,35.6951454,139.7664639,1,9.3
ChIJ37IkbFiNGGARmX6f6jYxVcU,35.6954598,139.7649153,1,5.7
ChIJvYRz3BqMGGARU9Vllqv1Zho,35.6954598,139.7649153,1,5.7
ChIJFwDiQgCNGGARxP286lg0OgY,35.6956170,139.7649153,2,5.0
ChIJQ14qKRuMGGARI-zUcxD_aZ4,35.6954598,139.7653025,1,3.8
ChIJr8ewxqWNGGAR0hs-r_m00Us,35.6954598,139.7653025,1,3.8
ChIJ4VC-RxuMGGARUfyeE4SIj-I,35.6954598,139.7654960,2,6.9
ChIJ1_hgN-6NGGARjNP_SFlrvXk,35.6954598,139.7654960,2,6.9
ChIJaa_eYNCNGGARWk-6TuJpNnE,35.6954598,139.7654960,2,6.9
ChIJIYKmMACNGGARv6barwuJRws,35.6954598,139.7656896,1,9.4
ChIJnedLWAiNGGAR70nVeNdvT58,35.6954598,139.7656896,1,9.4
ChIJcWezNhuMGGARnYjNgdsymt4,35.6954598,139.7660767,1,2.9
ChIJ85BZZQCNGGARvKoLOfinRqU,35.6954598,139.7664639,1,4.7
ChIJX3i3ShuMGGARayUJUCjlJ9w,35.6954598,139.7664639,1,4.7
ChIJTXiCRgCNGGARvWgJGZvFcME,35.6954598,139.7664639,1,4.7
ChIJzQVI5xqMGGARIm6tFNbsjW4,35.6957742,139.7649153,1,2.8
ChIJ6ZXq3RqMGGARJ2QQ0TvtC4o,35.6957742,139.7649153,1,2.8
ChIJ9w9zfxeNGGARad8BnVu91Us,35.6957742,139.7649153,1,2.8
ChIJHWFmIBuMGGARQ201bs7hvuA,35.6957742,139.7653025,1,7.0
ChIJs55ZyEqNGGARjtFD8qO9Xe4,35.6957742,139.7653025,1,7.0
ChIJfUq2JhuMGGARgXzsyb4TIc4,35.6957742,139.7654960,2,6.3
ChIJ__9GOhuMGGAR7YAVAO_Em2o,35.6957742,139.7660767,1,5.6
ChIJ6VL6ORuMGGARnJJ9p68hF7A,35.6957742,139.7660767,1,5.6
ChIJCWbHOxuMGGAR2kploamZOV0,35.6957742,139.7660767,1,5.6
ChIJFzuCSRuMGGAR_YI1oNrtOBk,35.6957742,139.7664639,1,17.5
ChIJE-V-HdBzImARxB4MBMmboz0,36.0102621,140.1618274,1,14.5
ChIJb6Lm08hzImARVWekRpX33w0,36.0102621,140.1618274,1,14.5
ChIJ86PYRQzSBGARlcuOlVC-J04,34.7645896,137.3837601,1,12.3
ChIJ7yn7sbPTBGARZP1xZXdMTpo,34.7645896,137.3837601,1,12.3
ChIJQw8xOQnSBGAR9m4-lBIkyeQ,34.7645896,137.3837601,1,12.3
ChIJiccqIwnSBGARfXp6KruoZlA,34.7645896,137.3837601,1,12.3
ChIJU9Y7MgDTBGAR1Ht8vN_0OV4,34.7645896,137.3837601,1,12.3
ChIJs9fk-hHTBGARqmFSaHNLGLQ,34.7645896,137.3837601,1,12.3
ChIJp_-wmlPTBGARqLuDwhtJxL4,34.7645896,137.3841429,1,11.4
ChIJYcgYJjHTBGARToQA0bMGeRU,34.7645896,137.3843342,2,2.0
ChIJNZddOAnSBGAR8BTkRcYTQCo,34.7645896,137.3841429,1,11.4
ChIJB_BS4R_TBGARDJAz68E6mgc,34.7645896,137.3841429,1,11.4
ChIJf9sdRgnSBGARGMPzbOnayqE,34.7645896,137.3843342,2,2.0
ChIJmcYNRgnSBGARh8LpUDhi9Hs,34.7645896,137.3843342,2,2.0
ChIJfZh6RgnSBGARfQ9XGVqzfRM,34.7645896,137.3843342,2,2.0
ChIJJ2-aX4nTBGARJIbfVX2D8y4,34.7645896,137.3843342,2,2.0
ChIJmcYNRgnSBGARQZOoPmaQIRI,34.7645896,137.3843342,2,2.0
ChIJNcm7ZgDTBGARzYnz1OMU5AM,34.7645896,137.3845256,1,3.0
ChIJH8vJSAnSBGARhoUn28WgHX0,34.7645896,137.3845256,1,3.0
ChIJcQu6RQnSBGARNjjWSN4HKUk,34.7647468,137.3845256,2,2.5
ChIJTSjITgnSBGAR67ZMNTiO_s8,34.7645896,137.3845256,1,3.0
ChIJgbfjTwnSBGARSVQ2MIA9CTk,34.7645896,137.3847170,2,7.4
ChIJ4aMmTgnSBGARhaiju5zjgYI,34.7645896,137.3847170,2,7.4
ChIJgbfjTwnSBGAR-z7sWPctHw8,34.7645896,137.3847170,2,7.4
ChIJ8UQyRAnSBGAR2P6qZAfqvD0,34.7647468,137.3845256,2,2.5
ChIJCQap09LTBGARP_GS0RHildg,34.7647468,137.3845256,2,2.5
ChIJUa6bBwDTBGAR5o1HZdobJDA,34.7647468,137.3845256,2,2.5
ChIJ_wb9zizTBGARF_sqPFy6UmQ,34.7645896,137.3845256,1,3.0
ChIJwV66UQnSBGARXs9cDkk_czc,34.7645896,137.3849083,1,10.6
ChIJHRuMUQnSBGAR1iHrWugfvNA,34.7645896,137.3849083,1,10.6
ChIJJWkGtTHTBGARs0fzpCbMvl0,34.7645896,137.3849083,1,10.6
ChIJTaRIW4TTBGARKJRvbU0j_qc,34.7645896,137.3849083,1,10.6
ChIJO5B9-Z_TBGARrz1uhIPd50I,34.7645896,137.3849083,1,10.6
ChIJuUXaLgDTBGARSSSmJ8ff_UQ,34.7647468,137.3849083,2,18.1
ChIJZUcwVAnSBGARfI6n-RL_l44,34.7645896,137.3850997,2,6.3
ChIJdRwvaDrTBGARzTmOsO-VsI0,34.7647468,137.3849083,2,18.1
ChIJHRuMUQnSBGARxJ6h9_UukO0,34.7645896,137.3849083,1,10.6
ChIJ6_qtUwDTBGARw3GZPIkYhOo,34.7645896,137.3850997,2,6.3
ChIJl4QSFgDTBGARj1lWGyB77Ds,34.7647468,137.3849083,2,18.1
ChIJT7qBHgDTBGARd_zhps8FEeg,34.7645896,137.3849083,1,10.6
ChIJY3hNRQnSBGARW6D6jTWOyFk,34.7647992,137.3847808,3,14.0
ChIJDRJFTgDTBGARfDBUISTpEa0,34.7645896,137.3850997,2,6.3
ChIJ-9-T_wvSBGARULD2iA7BxSY,34.7645896,137.3852911,1,9.0
ChIJ17e0WqrTBGARbYdxssJ2Hcg,34.7645896,137.3852911,1,9.0
ChIJ5zmoQ0LTBGARtMdVOkf8vog,34.7645896,137.3852911,1,9.0
ChIJfQs0KWvTBGARFkvhjyXYYOg,34.7645896,137.3852911,1,9.0
ChIJX5B6y8vTBGARr0_SgPW5LqE,34.7645896,137.3852911,1,9.0
ChIJ94iLVgnSBGARdKI5HHECntg,34.7647468,137.3852911,2,12.6
ChIJgyEfvxTTBGAR8JSZNIXODq0,34.7649040,137.3837601,1,10.6
ChIJ4610bxzTBGARrzQuSKBdHw0,34.7649040,137.3837601,1,10.6
ChIJ2bcfPM7TBGARcFt2p9UTM1I,34.7649040,137.3837601,1,10.6
ChIJr5EBFgnSBGARQcvTBWUcGJA,34.7649040,137.3837601,1,10.6
ChIJ-dC1PwnSBGARN6O5QylXj8A,34.7649040,137.3839515,2,10.2
ChIJR3Rd1kbTBGARVF4GWuBP4GI,34.7649040,137.3837601,1,10.6
ChIJTZuOQAnSBGAROi5EMSgE43o,34.7649040,137.3837601,1,10.6
ChIJ3bcuT6HTBGARUcS-lBb0pWw,34.7649040,137.3837601,1,10.6
ChIJ-dC1PwnSBGARREP5KbzRss8,34.7649040,137.3841429,1,2.6
ChIJIbSBKGHTBGARvoMeTH0p-GQ,34.7649040,137.3841429,1,2.6
ChIJ2cflYNzTBGARyheezGhSeH0,34.7649040,137.3841429,1,2.6
ChIJT_0RM1zTBGARzw2vR_aCHPU,34.7649040,137.3843342,2,8.2
ChIJB9dcQQnSBGAR_oXXmJqY_vw,34.7649040,137.3843342,2,8.2
ChIJa9dcQQnSBGARLYE7vobUyBc,34.7649040,137.3843342,2,8.2
ChIJi6BdQQnSBGAReMQaKR3uAb0,34.7649040,137.3843342,2,8.2
ChIJFYLBXhPTBGARFY45Dh2Dw3U,34.7649040,137.3845256,1,2.8
ChIJL0l3RAnSBGARD8Ncyrs9New,34.7649040,137.3845256,1,2.8
ChIJnUOOpZ3TBGARwrYa_3ChapA,34.7649040,137.3845256,1,2.8
ChIJK3JWQQnSBGAR4pVLvACe6cg,34.7649040,137.3845256,1,2.8
ChIJ44QZQgnSBGAR8BR0YXZx8ow,34.7649040,137.3845256,1,2.8
ChIJL0l3RAnSBGARzXEkwGhFrk4,34.7650612,137.3845256,2,2.4
ChIJVVVpQgnSBGARPZw52a2sqCQ,34.7650612,137.3845256,2,2.4
ChIJLZe3d4DTBGARAAC0fshMcaU,34.7649040,137.3847170,2,14.7
ChIJgS24WgnSBGARCIuj4W3v1H0,34.7649040,137.3847170,2,14.7
ChIJz4fuWoHTBGARqcuyxwk8VdQ,34.7649040,137.3847170,2,14.7
ChIJ1YWF7t_TBGAR4jLkQUyhWMc,34.7649040,137.3849083,1,21.2
ChIJL9nr7VzTBGARK8qL1UIlVBo,34.7649040,137.3849083,1,21.2
ChIJ79bw1afTBGARnhI7PZtVzXU,34.7649040,137.3849083,1,21.2
ChIJ46fqH0vTBGARWOK-y6-8m2U,34.7649040,137.3850997,2,7.1
ChIJDyURUVzTBGAReiXKI411xPA,34.7649040,137.3850997,2,7.1
ChIJJ1gaDQDTBGARyRp7OrO676E,34.7649040,137.3850997,2,7.1
ChIJF-eTI5HTBGAR23LGPg3TmoM,34.7649040,137.3850997,2,7.1
ChIJRbQgVgDTBGAR__zyDxa9Y38,34.7649040,137.3850997,2,7.1
ChIJB4OuWQnSBGARXEheBqAad8A,34.7650612,137.3852911,2,9.3
ChIJJRWw4gvSBGARHnxLNrvhG78,34.7649040,137.3852911,1,9.7
ChIJZSqjZaXTBGARk4nxf81U0-8,34.7650612,137.3852911,2,9.3
ChIJSQW49Q_TBGAR8MdXYQPc_7A,34.7650612,137.3852911,2,9.3
ChIJGbIDWQnSBGARd6tWHTdr3S0,34.7650612,137.3852911,2,9.3
ChIJu0tOPubTBGARgFSeI8OcDaY,34.7652184,137.3837601,1,7.1
ChIJiwNrEQnSBGARGYEG3Z7muUc,34.7652184,137.3837601,1,7.1
ChIJDxlNEAnSBGARS36RJeiojHI,34.7652184,137.3837601,1,7.1
ChIJu7WREQnSBGARsO9-s_BNpxg,34.7653756,137.3837601,2,5.6
ChIJtxTNXxjTBGARfEI3l3QR2OQ,34.7652184,137.3837601,1,7.1
ChIJE0UqDgnSBGARyYfJaf6jX8U,34.7653756,137.3837601,2,5.6
ChIJp-ij19bTBGAR7mhS4wLOXJ8,34.7652184,137.3837601,1,7.1
ChIJUba7FAnSBGARMPLqFHAyjQM,34.7652184,137.3841429,1,5.0
ChIJH2x-z5bTBGAR3gFfFWMmgH8,34.7653756,137.3841429,2,2.4
ChIJK9iVaQnSBGARWQj5Xv2ynbY,34.7652184,137.3845256,1,6.7
ChIJA2vbaQnSBGARVZrqrAmEe7s,34.7652184,137.3845256,1,6.7
ChIJA2vbaQnSBGAR8tz8iZHAdW8,34.7652184,137.3845256,1,6.7
ChIJUQ2YyxXTBGAR9XY6JHRYvSA,34.7652184,137.3845256,1,6.7
ChIJNeOmaQnSBGARXlgKue9mzMs,34.7652184,137.3845256,1,6.7
ChIJDVoxvWLTBGAR7LhEOKqyqtQ,34.7653756,137.3845256,2,7.5
ChIJA2vbaQnSBGAR_uAITl8a4BM,34.7653756,137.3845256,2,7.5
ChIJi-0lfwDTBGARYZcySXk1ORM,34.7652184,137.3847170,2,2.0
ChIJmfTHI6TTBGAR_HBJa2gpQN4,34.7652184,137.3847170,2,2.0
ChIJI_6mOX3TBGARCtCaLdXaIGA,34.7652184,137.3845256,1,6.7
ChIJaQjJlAvSBGARPy1HHB-CNzs,34.7652184,137.3847170,2,2.0
ChIJZQLTQgnSBGARfmsXZLoq8_I,34.7652184,137.3847170,2,2.0
ChIJ1fnSQgnSBGARIfvtw02IpuE,34.7652184,137.3847170,2,2.0
ChIJZQLTQgnSBGARWup2CNMWgs0,34.7652184,137.3847170,2,2.0
ChIJZQLTQgnSBGARmKap1DGfrT4,34.7652184,137.3847170,2,2.0
ChIJ79hUDgDTBGARsYWi2TSCuDc,34.7653756,137.3845256,2,7.5
ChIJuQTiZwnSBGARNC0ixvFiyV4,34.7653232,137.3847808,3,1.2
ChIJ5SsKaAnSBGARsZHVngTgD0g,34.7653232,137.3847808,3,1.2
ChIJ_WzSZgDTBGARQ_sdflzMzQw,34.7652184,137.3849083,1,9.9
ChIJN9j2oQnSBGARLZkkf-XWrP0,34.7652184,137.3849083,1,9.9
ChIJH_xCXAnSBGARYgjwIN9AgTc,34.7652184,137.3849083,1,9.9
ChIJpbN1qAnSBGAR61rTT72kWV8,34.7653756,137.3849083,2,14.1
ChIJs6e7JgDTBGAR7Ytn57a-3eY,34.7653756,137.3849083,2,14.1
ChIJmW5gQADTBGARZ1vVWw05ND4,34.7653756,137.3849083,2,14.1
ChIJt6P1RQDTBGAR8CmofU_Xs20,34.7653756,137.3849083,2,14.1
ChIJFbkNZADTBGARwyfLC8riPx4,34.7653756,137.3849083,2,14.1
ChIJ5SsKaAnSBGARqtbtpfKmsk8,34.7653756,137.3849083,2,14.1
ChIJVVVVkQnSBGAR5QfhmAQt7_Y,34.7653756,137.3849083,2,14.1
ChIJq7_RoQnSBGARYf11BDse4ys,34.7653756,137.3849083,2,14.1
ChIJefLmXgnSBGARP-xYZpVuuas,34.7652184,137.3852911,1,17.6
ChIJlcbwXgnSBGARGe_SfMoIPrU,34.7652184,137.3852911,1,17.6
ChIJH1EOXwnSBGARr7jyLCm72vk,34.7652184,137.3852911,1,17.6
ChIJCSlnXgnSBGARF9JGoW2DGzU,34.7652184,137.3852911,1,17.6
ChIJU7AeOADTBGAROCelvs9KOtI,34.7652184,137.3852911,1,17.6
ChIJcXxkDADTBGARNJjkXEeEHvM,34.7652184,137.3852911,1,17.6
ChIJdWEhLQDTBGARZcYssJ9Z60k,34.7652184,137.3852911,1,17.6
ChIJd80DWQnSBGARdZ0i-ERrxXI,34.7652184,137.3852911,1,17.6
ChIJCwxz6rrTBGAReC-iN12kpxc,34.7655328,137.3837601,1,8.2
ChIJV7jLNVXTBGARPewt7QwL32k,34.7655328,137.3837601,1,8.2
ChIJqxoYDgnSBGARQrFiC9Z4vbg,34.7655328,137.3837601,1,8.2
ChIJY0uNBQnSBGAR_lCBXvim6AQ,34.7655328,137.3837601,1,8.2
ChIJxUuNBQnSBGARjiiGrZZcByM,34.7655328,137.3837601,1,8.2
ChIJY9oSREHTBGARzA9fqukjAw4,34.7655328,137.3837601,1,8.2
ChIJ6ebvcQDTBGAR5QpeplM4YHY,34.7655328,137.3841429,1,4.9
ChIJodKeEgnSBGAR28f17tYrA8E,34.7655328,137.3841429,1,4.9
ChIJJ6iQkWzTBGAR-ul2kL7i8cA,34.7655328,137.3847170,2,20.5
ChIJNVNBbwnSBGARHTglqXbZAC4,34.7655328,137.3847170,2,20.5
ChIJw23CagDTBGARM5gjGxbGP4I,34.7655328,137.3847170,2,20.5
ChIJFTwHPQDTBGARM_iLPKpGTX0,34.7655328,137.3847170,2,20.5
ChIJN-3tZwDTBGARCAOhVkkxJEA,34.7655328,137.3849083,1,21.8
ChIJIUS8agDTBGARihTwHUQ8Qiw,34.7655328,137.3849083,1,21.8
ChIJTx6-xBnTBGARLdADGQ3L5xU,34.7655328,137.3849083,1,21.8
ChIJ3YFUR3vTBGARHhyu-f3U4Vw,34.7655328,137.3849083,1,21.8
ChIJHbR8YAnSBGARJzhli4Rj6y4,34.7655328,137.3852911,1,6.3
ChIJE7x7YAnSBGAR2v6Jk4FXEZ0,34.7655328,137.3852911,1,6.3
ChIJE7x7YAnSBGARlA4PZtKYMbU,34.7655328,137.3852911,1,6.3
ChIJHbR8YAnSBGARA7MUwUBRq-c,34.7655328,137.3852911,1,6.3
ChIJ_dICOnHTBGARbsyIT7MMqCE,34.7656900,137.3852911,2,9.8
ChIJB6-MEFDTBGARTuttg46jZ-Y,34.7658472,137.3837601,1,5.0
ChIJQQ1VUADTBGARlJDPBh7Aem0,34.7658472,137.3839515,2,4.2
ChIJAQDZCQnSBGARg1iExakBuUI,34.7658472,137.3837601,1,5.0
ChIJebFxpwnSBGARCJ4kOIKyeEY,34.7658472,137.3837601,1,5.0
ChIJxzmuHYPTBGARF-jsXfRDgM4,34.7658472,137.3837601,1,5.0
ChIJjUKKcwnSBGARrDlkKrNNuU4,34.7658472,137.3843342,2,11.8
ChIJ5ZwMcQnSBGARDpV360CxxxY,34.7658472,137.3845256,1,4.7
ChIJtyk2JKnJBGARU5KYtALJ5CM,34.8344276,137.3499638,1,1.8
ChIJMwW4woHzGGARy2q8eF0NBH8,35.6425636,139.6495619,2,5.8
ChIJS4atFQDzGGARE2Uf1YCzz1Q,35.6424064,139.6503357,1,7.2
ChIJpxf62IHzGGAR3uwouEUdjvI,35.6425636,139.6503357,2,17.5
ChIJlYOiYn_zGGAR00L4xxD0WRw,35.6424064,139.6505291,2,7.5
ChIJsSXWen_zGGAR3pfl9Lk1MJc,35.6425636,139.6507226,2,10.0
ChIJIcQqp1XzGGARYRZiPXUtoXI,35.6424064,139.6507226,1,7.0
ChIJ44W9cH_zGGAR4VpGdSh25II,35.6424064,139.6509160,2,11.8
ChIJ44W9cH_zGGARJHxjQdfsWmk,35.6424064,139.6509160,2,11.8
ChIJTe8_c6zzGGAR2zu0qzU3gvA,35.6424064,139.6511095,1,3.0
ChIJixiy6IHzGGARzgedmozTLb4,35.6428780,139.6495619,2,5.8
ChIJ0_nEe9_zGGARtvRq6MjpTEE,35.6427208,139.6497554,2,13.3
ChIJqZNwVOHzGGARj6ePMLuwlBA,35.6427208,139.6497554,2,13.3
ChIJF1sqOo_0GGARVCVe2rW0NPU,35.6428780,139.6499488,2,3.4
ChIJsTYPSorzGGARypumEfhwWrE,35.6427208,139.6503357,1,9.0
ChIJD4fxW7DzGGARFVydR8IUsH4,35.6427208,139.6503357,1,9.0
ChIJB0Mf4IHzGGARos0JSes8S30,35.6430352,139.6503357,1,5.8
ChIJB0Mf4IHzGGARDvbPhmvN46g,35.6430352,139.6503357,1,5.8
ChIJef4KUmXzGGAR8unGbeQ38Zg,35.6435068,139.6495619,2,10.5
ChIJVwgGSgDzGGARB-iCmpEGIic,35.6436640,139.6505291,2,9.9
ChIJ3-fXdKNxA2ARHRcOpJ8mUSU,35.1648827,136.9122385,2,50.6
ChIJExdbqcRwA2ARRZPrs5m-xtE,35.1648827,136.9122385,2,50.6
ChIJiU8P2JJxA2AR4VuUPjBMs8Q,35.1648827,136.9130077,2,3.6
ChIJ4UtkCHtxA2ARTmf9aS45mG0,35.1648827,136.9130077,2,3.6
ChIJne1OhMVwA2ARfrkv5AsVJ7I,35.1648827,136.9130077,2,3.6
ChIJ4-1OhMVwA2AR3xhdsEbmEiE,35.1648827,136.9130077,2,3.6
ChIJDZrVAABxA2ARjyCbVrc0ENU,35.1648827,136.9130077,2,3.6
ChIJyzzAC2dxA2AR3-9CdG4I8Yk,35.1648827,136.9132000,1,11.2
ChIJ1-sOQiBxA2AR8SvKtwGPYBM,35.1648827,136.9132000,1,11.2
ChIJa1hycmVxA2ARGP45Z-nDYvQ,35.1648827,136.9132000,1,11.2
ChIJycXImsVwA2ARvCj0lSoyHHE,35.1650399,136.9132000,2,0.1
ChIJycXImsVwA2ARSpgMCqBfGoE,35.1650399,136.9132000,2,0.1
ChIJKQ6pgM9wA2ARkD0pClOb2KY,35.1653543,136.9124308,2,4.8
ChIJfx27g8VwA2ARryvOpcsGtDw,35.1651971,136.9128154,1,4.5
ChIJqx0oHjBxA2ARmm5S4tyqiz4,35.1651971,136.9128154,1,4.5
ChIJi5VVwglxA2ARXU7PxuRuOuE,35.1653543,136.9128154,2,7.7
ChIJ7T8bgsVwA2ARjEB-SozdVeo,35.1653543,136.9128154,2,7.7
ChIJo1OcbAFxA2ARDYfYBHJTM-8,35.1653543,136.9128154,2,7.7
ChIJ7T8bgsVwA2ARC5cqWp11HxI,35.1651971,136.9130077,2,3.5
ChIJ7fTAQddxA2ARPZEm3aLZe5A,35.1651971,136.9132000,1,6.2
ChIJEZ7m05txA2ARu5Lj0w8nQgY,35.1651971,136.9132000,1,6.2
ChIJn-ytjy1xA2ARkxnus56LvUA,35.1651971,136.9132000,1,6.2
ChIJa-srg8VwA2ARZMA0xjB_Umc,35.1651971,136.9132000,1,6.2
ChIJVVVJg8VwA2ARmINU23nd0W4,35.1653543,136.9132000,2,9.7
ChIJP9hjNdJxA2ARYZcHqSA9mvE,35.1655115,136.9124308,1,8.4
ChIJr5tweQBxA2AR0n3Qbd8vV3Y,35.1655115,136.9126231,2,7.8
ChIJcWocC21xA2AR4wBGuA5fT9w,35.1655115,136.9126231,2,7.8
ChIJ05Lzh89wA2ARoYz2ewNa0Ik,35.1656687,136.9124308,2,24.9
ChIJ05Lzh89wA2ARZphG9RGAqiU,35.1656687,136.9124308,2,24.9
ChIJRaqugM9wA2AR0g1eStX384I,35.1655115,136.9128154,1,4.8
ChIJ07UuOa5xA2ARP932dsENdIo,35.1656687,136.9128154,2,4.3
ChIJm8ecj6ZxA2ARJxE4pF_4m1g,35.1656687,136.9128154,2,4.3
ChIJH33njc9wA2ARQ0rlJvccF6s,35.1658259,136.9120462,1,5.3
ChIJNacvjM9wA2AReiXx7bOMgE0,35.1658259,136.9120462,1,5.3
ChIJIQGRAxhxA2AR3i5UNkvYT70,35.1658259,136.9124308,1,26.6
ChIJN4q7YsVwA2AReBd8aTNTkyw,35.1658259,136.9126231,2,18.4
ChIJN4q7YsVwA2ARCtGK3uUpvnQ,35.1658259,136.9126231,2,18.4
ChIJR9uszOdxA2ARZmtjgjPPA4w,35.1658259,136.9128154,1,4.8
ChIJdVfecMVwA2ARRho17aKBC50,35.1658259,136.9132000,1,8.9
ChIJAQAAwNJwA2ARwJeblLw8z1I,35.1658259,136.9133923,2,9.0
ChIJc0HyUC9xA2ARi0GifehT14A,35.1658259,136.9133923,2,9.0
ChIJOdz_aPkNGGARzM4l_pla7ZM,35.3358403,139.8941156,1,35.9
ChIJR4HMXIINGGARk8f4vUzolP4,35.3358403,139.8946937,2,21.3
ChIJ78QijAENGGARVP07Lv4UUas,35.3358403,139.8948864,1,9.5
ChIJDQGSIP4MGGARUgKLWXT6i1A,35.3358403,139.8956572,1,12.1
ChIJcUFM8AENGGARDlfjYvhom4Y,35.3364691,139.8948864,1,1.1
ChIJfWpXJAINGGARwVKJHeuo8g8,35.3370979,139.8941156,1,19.6
ChIJ4aouGQINGGARPvxhOsClohI,35.3370979,139.8945010,1,10.2
ChIJfRnyNUkoC18RLcZhd0E8p30,43.0769750,141.3027710,1,24.5
ChIJfRnyNUkoC18Rihr54gBHEJM,43.0769750,141.3027710,1,24.5
ChIJJ_lDyE4oC18RL3-6EUR72uA,43.0769750,141.3038471,2,0.2
ChIJD94MOfIpC18RNN7iyp4bObE,43.0769750,141.3042776,2,5.5
ChIJjauBCGEpC18RBFzHop9mGis,43.0769750,141.3044928,1,12.1
ChIJzZHO-RopC18RYDKWe0bU0Tk,43.0769750,141.3044928,1,12.1
ChIJGXY8pU4oC18RjT-y-ddBYMM,43.0769750,141.3044928,1,12.1
ChIJbYTNvE4oC18RCp1ztlsIaLE,43.0769750,141.3044928,1,12.1
ChIJA1CrYAApC18R3wPaELiKUyk,43.0769750,141.3044928,1,12.1
ChIJkykLx0ApC18RofC7qXd7v34,43.0769750,141.3044928,1,12.1
ChIJBYfBkE4pC18R8rajqup0qR4,43.0769750,141.3044928,1,12.1
ChIJAQAwN0ooC18REH_6RDjO-MU,43.0769750,141.3044928,1,12.1
ChIJGXY8pU4oC18RcFI8640TKXw,43.0769750,141.3044928,1,12.1
ChIJYyH3ZzUpC18RxUQTaHy08Rk,43.0769750,141.3044928,1,12.1
ChIJUZqNcs4pC18R0SryqWX5EHQ,43.0769750,141.3044928,1,12.1
ChIJs-g6pU4oC18RwDWi76GiUIM,43.0769750,141.3044928,1,12.1
ChIJGXY8pU4oC18RZgsMj23ORa4,43.0769750,141.3044928,1,12.1
ChIJs-g6pU4oC18RtqGFHk7P-vM,43.0769750,141.3044928,1,12.1
ChIJs-g6pU4oC18RYUmTkNkNjtk,43.0769750,141.3044928,1,12.1
ChIJz4k7pU4oC18RqiyRrykuBng,43.0769750,141.3044928,1,12.1
ChIJGXY8pU4oC18Rj5mi8Gm1FxY,43.0769750,141.3044928,1,12.1
ChIJbYTNvE4oC18Rv6CBay-fR0A,43.0771322,141.3044928,2,16.6
ChIJndIrtlYpC18RWrwc9mK2vNk,43.0769750,141.3044928,1,12.1
ChIJTzIHwE4oC18ROClfnt9pD_0,43.0774466,141.3040623,2,13.4
ChIJTzIHwE4oC18RdAUmnBHJUKk,43.0774466,141.3040623,2,13.4
ChIJTzIHwE4oC18RZI-GPqpOayg,43.0774466,141.3040623,2,13.4
ChIJNR0CTL8pC18RgkWOzpRdEWc,43.0774466,141.3040623,2,13.4
ChIJcVNhvE4oC18RxqIBdgMWZ8o,43.0772894,141.3044928,1,17.2
ChIJTzIHwE4oC18RIe8dmrsOllU,43.0774466,141.3044928,2,5.4
ChIJe7In_HUpC18RCTqInZnv0Tw,43.0774466,141.3044928,2,5.4
ChIJH9S0trcpC18Rm46sJFnCO7M,43.0772894,141.3044928,1,17.2
ChIJg6mN0VEoC18RzcToWx8FAEU,43.0776038,141.3036319,1,4.6
ChIJTzIHwE4oC18Rzx2yOcHlsKg,43.0776038,141.3040623,1,16.4
ChIJT7xrM1AoC18RsHmNhKlDcjY,43.0776038,141.3042776,2,7.0
ChIJt54C1KApC18RbWuFHuvGtCA,43.0776038,141.3042776,2,7.0
ChIJTzIHwE4oC18RlASVthV7VX0,43.0776038,141.3042776,2,7.0
ChIJQwgEwE4oC18RFR9KV60JNbw,43.0776038,141.3042776,2,7.0
ChIJQwgEwE4oC18Rrd6asDpHTF0,43.0776038,141.3042776,2,7.0
ChIJTzIHwE4oC18R8QdIUzjbB6M,43.0776038,141.3042776,2,7.0
ChIJQwgEwE4oC18RpNaYFUIRr5I,43.0776038,141.3042776,2,7.0
ChIJTzIHwE4oC18Raybb1JK8qwg,43.0776038,141.3042776,2,7.0
ChIJIw7PMwApC18RSEfVMAl1anQ,43.0776038,141.3044928,1,8.7
ChIJYRsw604oC18RqXYfeU5zolI,43.0776038,141.3044928,1,8.7
ChIJp1kv604oC18R2Y3at8q1IK0,43.0776038,141.3044928,1,8.7
ChIJgbVT604oC18RRlPMmslNjBM,43.0776038,141.3044928,1,8.7
ChIJt1XV7U4oC18RciwQgpTwMS8,43.0779182,141.3044928,1,4.3
ChIJOTrV7U4oC18RhOhabONgqds,43.0779182,141.3044928,1,4.3
ChIJt1XV7U4oC18RacXDjK8HDsE,43.0779182,141.3044928,1,4.3
ChIJOZBfE8ApC18RPLvlen0_tn0,43.0779182,141.3044928,1,4.3
ChIJ_-RJdnAz-F8Rbmuflz0Klng,36.5702682,136.6547391,1,15.6
ChIJlU6EeXAz-F8RlTJ_2iLLyoA,36.5704778,136.6550001,3,12.0
ChIJCQi1iXAz-F8RqXApjvq_yvk,36.5702682,136.6561093,2,4.6
ChIJvbnwK9Iz-F8RIXz--rq_PjI,36.5705826,136.6551306,1,16.9
ChIJNb7tY3Az-F8R-KRNtJi-RdY,36.5705826,136.6559136,1,5.3
ChIJNb7tY3Az-F8RQWlTQbqd98A,36.5705826,136.6559136,1,5.3
ChIJ32wvXXAz-F8R5rr8CQQ-vKw,36.5707398,136.6559136,2,4.9
ChIJsxtcPAAz-F8RMXyCxgCc4E0,36.5707398,136.6559136,2,4.9
ChIJ11tDYHAz-F8Rrh_z-zAeIcc,36.5705826,136.6563051,1,4.2
ChIJM2frinAz-F8R-mR5lY3xUY8,36.5705826,136.6563051,1,4.2
ChIJgXtUwqYz-F8RCa3R_FacpTA,36.5707398,136.6563051,2,6.4
ChIJHTy4XXAz-F8R7UvqaPl0p84,36.5707398,136.6563051,2,6.4
ChIJxTe_XXAz-F8R-OtT4RcLeGc,36.5707398,136.6563051,2,6.4
ChIJLwsdEnAz-F8RA8_IsbfzN0c,36.5708970,136.6547391,1,10.6
ChIJfRG-8vAz-F8Rl0GYz-Q4YOA,36.5710542,136.6551306,2,10.4
ChIJD5L4QwAz-F8RWxvitc0yxBc,36.5708970,136.6555221,1,29.6
ChIJV_CtQnAz-F8R3dMUE4hsF7k,36.5708970,136.6559136,1,3.3
ChIJ1cSQZ3Az-F8RDutZFYFqgGA,36.5708970,136.6559136,1,3.3
ChIJCzGWsz8z-F8Rzo_h7N4ytnI,36.5708970,136.6559136,1,3.3
ChIJEcprXXAz-F8REVZQX_U0Tzs,36.5708970,136.6561093,2,3.2
ChIJUct8_Nkz-F8RFt8ULQHSmFA,36.5710542,136.6559136,2,14.9
ChIJwaCtwgQz-F8RKkxxE9OQbfY,36.5710542,136.6559136,2,14.9
ChIJwbyVtJoz-F8RyPD-8l1JSqo,36.5708970,136.6563051,1,5.8
ChIJaRRrW3Az-F8RRAKwzIrLmOU,36.5708970,136.6563051,1,5.8
ChIJe5rbtR8z-F8RiztxYqabais,36.5708970,136.6563051,1,5.8
ChIJjwefTcgz-F8RFWEXRB_PEFo,36.5708970,136.6563051,1,5.8
ChIJCzlz7jQz-F8RnrvZ9BNE2fw,36.5708970,136.6563051,1,5.8
ChIJSUbUkzIz-F8RjRb3mZrmkkc,36.5708970,136.6563051,1,5.8
ChIJLfQqJXcz-F8RGf2AXP9k-h0,36.5708970,136.6563051,1,5.8
ChIJ9QrCWnAz-F8RvoHY303gExA,36.5708970,136.6563051,1,5.8
ChIJQUOdXHAz-F8R65XOZJRShe4,36.5710542,136.6563051,2,7.2
ChIJGQ2_FnAz-F8RfUz3MeOi1fY,36.5712114,136.6547391,1,5.2
ChIJRX5p1cwz-F8R-EY5g99DLjs,36.5712114,136.6547391,1,5.2
ChIJu5mPPXAz-F8R9RCpkJ7AzFU,36.5712114,136.6549349,2,12.7
ChIJO4CcQHAz-F8R3kppEAC7pDI,36.5712114,136.6555221,1,1.8
ChIJlWSNwAUz-F8R557lGAvHY4Q,36.5712114,136.6555221,1,1.8
ChIJ7bYCQXAz-F8Rcfix_2BmpAM,36.5712114,136.6555221,1,1.8
ChIJNR0SP3Az-F8RNnOmYGAEEK4,36.5712114,136.6555221,1,1.8
ChIJ79JxX6kv8V8RieU68T9Iy6E,36.5713686,136.6555221,2,11.8
ChIJE6sgRHAz-F8RU1GBxr4Mi-M,36.5712114,136.6559136,1,3.0
ChIJh9CWN3Az-F8RZAhxZ0Qt5HE,36.5712114,136.6559136,1,3.0
ChIJeakfoFAz-F8Rnvlxxu-uEmk,36.5712114,136.6559136,1,3.0
ChIJBQVbQXAz-F8RvenWM1Em6Y4,36.5712114,136.6559136,1,3.0
ChIJuW5tS3Az-F8RQG9f41KboIQ,36.5713686,136.6559136,2,5.4
ChIJI2bCOroz-F8Ro0Xt6t5Yvfs,36.5712114,136.6563051,1,6.3
ChIJT8ExT3Az-F8RKXEZkYA3TmU,36.5712114,136.6563051,1,6.3
ChIJpTCLmsEz-F8R7x-oeZRVprM,36.5712114,136.6563051,1,6.3
ChIJgYQUMm4z-F8RAaB3lKQwdP4,36.5715258,136.6551306,1,12.4
ChIJS7jfJHAz-F8RCvkpA97rjdw,36.5715258,136.6551306,1,12.4
ChIJgxRbN3Az-F8RNY3LPh7HXWM,36.5715258,136.6555221,1,18.6
ChIJFaU1VVQz-F8R7nHB2rmfmt4,36.5715258,136.6559136,1,2.1
ChIJr9mIo88z-F8R1imBA9MBHSg,36.5715258,136.6559136,1,2.1
ChIJlTM_1rQz-F8RkMswIL3eu2M,36.5715258,136.6559136,1,2.1
ChIJh9CWN3Az-F8Rb4R-rS52DUw,36.5715258,136.6559136,1,2.1
ChIJh9CWN3Az-F8Rpi8NpWUXdkw,36.5715258,136.6559136,1,2.1
ChIJh9CWN3Az-F8RqgHrGNGnVYw,36.5715258,136.6559136,1,2.1
ChIJU_kSNnAz-F8RuKRrpWjSqBQ,36.5715258,136.6559136,1,2.1
ChIJh9CWN3Az-F8RpidglEIO1Aw,36.5715258,136.6559136,1,2.1
ChIJLd3WDeUz-F8R_ryBxh20FBI,36.5715258,136.6559136,1,2.1
ChIJzZy8-RMz-F8R2uDHNva1lYg,36.5715258,136.6559136,1,2.1
ChIJh9CWN3Az-F8RdLMObKYnJl0,36.5715258,136.6559136,1,2.1
ChIJh9CWN3Az-F8RLuvnh3kBGgI,36.5715258,136.6559136,1,2.1
ChIJh9CWN3Az-F8RwYrvroWmOFQ,36.5715258,136.6559136,1,2.1
ChIJn-qZ4pMz-F8Rk84dYp6XewA,36.5715258,136.6561093,2,3.6
ChIJr2uNW3cz-F8RE_5c-vNjULo,36.5715258,136.6561093,2,3.6
ChIJh9CWN3Az-F8RNF3vnuYvuMk,36.5715258,136.6561093,2,3.6
ChIJw6c_NnAz-F8RihAT-2hB_Vk,36.5715258,136.6561093,2,3.6
ChIJh9CWN3Az-F8Rvw0QV_h68JY,36.5715258,136.6561093,2,3.6
ChIJEbyfTAA1-F8ROeIJiV4qelo,36.5715258,136.6559136,1,2.1
ChIJh9CWN3Az-F8RuWuuBXqbN5A,36.5715258,136.6563051,1,12.5
ChIJyybSNXAz-F8RQyc-EHiOzl0,36.5715258,136.6563051,1,12.5
ChIJh9CWN3Az-F8RstcmUpAlsBc,36.5715258,136.6563051,1,12.5
ChIJx5ioSnAz-F8Rilp-1H909Ns,36.5715258,136.6563051,1,12.5
ChIJ5X7sKnDKQTURGr5oixhLxGQ,33.2540565,130.2986419,2,15.0
ChIJucHlCTDLQTURt5cDraHVxL4,33.2540565,130.2990179,2,19.6
ChIJJVmW1XHKQTURS3R-WlmlTJo,33.2543709,130.2986419,2,9.9
ChIJzdLp03HKQTURZVkP_jAub0s,33.2543709,130.2990179,2,13.3
ChIJtekAsOUpQDURDGHC2In95ZM,33.2543709,130.2992059,1,13.4
ChIJ61kwznHKQTURv09NK9yDGa8,33.2543709,130.2992059,1,13.4
ChIJrVGoz3HKQTURztAulK31mZ4,33.2543709,130.2993939,2,7.0
ChIJrx6lEMjLQTUROSEjpYv7nuM,33.2543709,130.2995819,1,11.6
ChIJHQ_2xmPLQTURnZ9LaqcBotw,33.2546853,130.2986419,2,13.3
ChIJZblm13HKQTURNMvzw8Yel7A,33.2546853,130.2988299,1,0.6
ChIJ68d33HHKQTURp-Wda2HTDhw,33.2548425,130.2992059,2,6.5
ChIJz0Ip3HHKQTURSKQN0ucrR9w,33.2549997,130.2990179,2,3.1
ChIJE4ww3HHKQTURYnti4uGoeZM,33.2549997,130.2990179,2,3.1
ChIJT-QQ3XHKQTURws6V2nzw1Ss,33.2549997,130.2992059,1,4.9
ChIJF5uQizLLQTURGoQ7b5hokhg,33.2549997,130.2992059,1,4.9
ChIJXQtu3XHKQTURKM_NEqYUwV8,33.2549997,130.2992059,1,4.9
ChIJXQtu3XHKQTURTgfRqcuPg7k,33.2549997,130.2992059,1,4.9
ChIJz07A3HHKQTURN2-jDKLe4WA,33.2549997,130.2992059,1,4.9
ChIJhccP6HHKQTUR6_xv2o62liQ,33.2549997,130.2992059,1,4.9
ChIJGZWVt4nLQTURvxvCc8bXT6Y,33.2551569,130.2992059,2,6.2
ChIJPS0UWM_LQTURIYjRKjRRSu8,33.2549997,130.2993939,2,8.4
ChIJRTx6vpjLQTURYgIsroSU6dM,33.2551569,130.2995819,2,12.0
ChIJwxft4HHKQTURqO_AlY-Ld_8,33.2553141,130.2988299,1,34.0
ChIJqbA45nHKQTUR9PFMdXIqJjg,33.2553141,130.2992059,1,2.8
ChIJAQAA3HHKQTURXCBR8WCAax0,33.2553141,130.2995819,1,13.8
ChIJ9W7W2LiFil8RBH1CdM7JqOI,37.7560479,140.4503490,1,0.9
ChIJPbJi0LiFil8RJT7ogMH6hp4,37.7562051,140.4503490,2,3.8
ChIJAQB0zriFil8ROjKK19TmB0w,37.7565195,140.4503490,2,7.8
ChIJ976rHZhBA2ARA1_oVTfDGo8,35.3419076,137.1660496,2,15.2
ChIJ976rHZhBA2ARI4WuhqqBnUc,35.3420648,137.1656642,1,6.3
ChIJ976rHZhBA2ARMell0QcRXQk,35.3420648,137.1656642,1,6.3
ChIJhZ44wWJBA2ARBiCSe3_qp6A,35.3422220,137.1656642,2,14.6
ChIJ976rHZhBA2AR3qpNgF1V3Fk,35.3420648,137.1660496,1,10.0
ChIJK68XfzBfGGARKQmqGsPUqNY,35.5281712,139.6193862,1,36.6
ChIJk0KQ1vdfGGARzE43C77lnPs,35.5284856,139.6186135,1,4.3
ChIJz0h1jTBfGGARrBiJcYsCisA,35.5284856,139.6186135,1,4.3
ChIJkxuojTBfGGARMzfpNMEUB7w,35.5284856,139.6186135,1,4.3
ChIJ6ZtPURpfGGARuuvCU0x5hMU,35.5284856,139.6193862,1,30.3
ChIJKf-4kzBfGGARDbTY4srTs9w,35.5288000,139.6186135,1,4.9
ChIJQWrDQ4FfGGARSoywQGeWUCM,35.5288000,139.6186135,1,4.9
ChIJ1Z3WVABfGGARe1QMTzf2NCM,35.5291144,139.6191930,2,58.2
ChIJAQDELOgOVDURJ0-k0UFyYrU,34.6828609,133.9937411,1,1.7
ChIJHQrlEwAPVDURBEDw_y19ySw,34.6834897,133.9945058,1,85.5
ChIJA2aw_DYTiV8Rk0_X_nlQI90,38.5774940,140.9673878,1,138.2
ChIJSa9rDJkSiV8RCeMtkCmCpF4,38.5774940,140.9677900,1,134.1
ChIJb2v3jGuZc18R59LNYJTzA68,42.9120915,143.1973969,1,3.0
ChIJrZ2K_4OZc18RG9WPfnh_5Yo,42.9127203,143.1982555,1,3.5
ChIJq-yq4b9dH2ARVNZikQplpDE,36.5356646,139.9185514,1,2.4
ChIJ5c2AYACLGGARta3a6vcFXzU,35.6457124,139.7073953,1,6.8
ChIJz8eiz8qLGGARpoacMUbcL-g,35.6457124,139.7073953,1,6.8
ChIJVVWVJMyJGGARJ_03205e56Y,35.6457124,139.7073953,1,6.8
ChIJ9XOlv5yLGGAR_O8RFMK5FiQ,35.6457124,139.7073953,1,6.8
ChIJZea8N9OLGGARJEBpL3dJDIs,35.6457124,139.7073953,1,6.8
ChIJuexYw0CLGGARMWXGpf3piYw,35.6457124,139.7073953,1,6.8
ChIJ-bw6lg2LGGARWR04T6RJVRI,35.6458696,139.7073953,2,5.2
ChIJK0I1wkCLGGARR1AXcoRR3bk,35.6457124,139.7073953,1,6.8
ChIJAQAAwUCLGGARVlaUACNRG_I,35.6457124,139.7073953,1,6.8
ChIJydMowkCLGGARfp7ZqRd_Mo0,35.6457124,139.7073953,1,6.8
ChIJx6paR2mLGGARMPsDi33xuec,35.6457124,139.7073953,1,6.8
ChIJq6rh2kCLGGARhPHTnWaISRg,35.6457124,139.7073953,1,6.8
ChIJ0zYXDbqLGGAR7W7btrtT0x0,35.6457124,139.7073953,1,6.8
ChIJHTlU2kCLGGARpb7rcBeackY,35.6457124,139.7073953,1,6.8
ChIJN4WSfuyLGGAR1f3V2UciAno,35.6457124,139.7073953,1,6.8
ChIJydMowkCLGGARb7KCUofr5ao,35.6457124,139.7073953,1,6.8
ChIJO8gh4FWLGGARnyJvSz6TSu8,35.6457124,139.7075887,2,6.2
ChIJl8II6kKLGGARvhjgN80IhLo,35.6457124,139.7075887,2,6.2
ChIJD9a83ECLGGARdbbB4BN6n2o,35.6458696,139.7073953,2,5.2
ChIJa67xPQWLGGARws2QrlTgayE,35.6457124,139.7073953,1,6.8
ChIJ26RqL62LGGARgm_OxWj92FE,35.6457124,139.7077822,1,4.8
ChIJAYU8v_CLGGARtiZDG7fJpIk,35.6457124,139.7077822,1,4.8
ChIJwaODuYKLGGARP6S44aTeDKA,35.6457124,139.7077822,1,4.8
ChIJM40dTf-LGGARNfi8JHnYg3E,35.6457124,139.7077822,1,4.8
ChIJv7zfVxKLGGARuOhjqt7fEoM,35.6457124,139.7077822,1,4.8
ChIJlb8SbaqLGGARC3aY-p2daoo,35.6457124,139.7077822,1,4.8
ChIJBfgFwkCLGGARjUUW2vUnoKE,35.6457124,139.7077822,1,4.8
ChIJrc1BQ9yLGGARdxkL0YXjhEY,35.6457124,139.7077822,1,4.8
ChIJ0Ut7GwCLGGAR5s1ZdYiXKBw,35.6457124,139.7077822,1,4.8
ChIJ6_DUmceJGGARm53QLRgPbXE,35.6457124,139.7077822,1,4.8
ChIJH6QznnCLGGARdUm_5X6_zJo,35.6457124,139.7077822,1,4.8
ChIJBfgFwkCLGGARQQr0mIy_blQ,35.6457124,139.7077822,1,4.8
ChIJsbUqij-LGGARebAJ7BDH3vU,35.6457124,139.7077822,1,4.8
ChIJe6fYwUCLGGARyEG6704TV-M,35.6457124,139.7077822,1,4.8
ChIJe6fYwUCLGGARSh4pB6WN2dc,35.6457124,139.7077822,1,4.8
ChIJe6fYwUCLGGARHaRRN-HPCjI,35.6457124,139.7077822,1,4.8
ChIJ_VoQisyLGGARoLJ-dosTcxI,35.6457124,139.7079756,2,11.9
ChIJe6fYwUCLGGARk9MAqYbeauY,35.6457124,139.7077822,1,4.8
ChIJQ2n8IwCLGGARNKuHfr7HjlM,35.6457124,139.7081691,1,9.1
ChIJuy_57ECLGGARi8l9OsgQP5s,35.6457124,139.7081691,1,9.1
ChIJzVqTOB-LGGARkWDy44KuWtA,35.6458696,139.7081691,2,1.0
ChIJCy4NbrKLGGARdN2muJxQceo,35.6458696,139.7081691,2,1.0
ChIJcwBfGYOLGGARpHcJuNMCgZo,35.6458696,139.7081691,2,1.0
ChIJc49nCFSLGGAR4Y4KNh_c3nI,35.6458696,139.7081691,2,1.0
ChIJX97HbwCLGGARLyvALmQR9GQ,35.6458696,139.7081691,2,1.0
ChIJr0Hy7kCLGGARyk80XCXWuLk,35.6458696,139.7081691,2,1.0
ChIJMXMC70CLGGARmpygxduJWEM,35.6458696,139.7081691,2,1.0
ChIJ1UurfwCLGGARZExZcafm94o,35.6457124,139.7081691,1,9.1
ChIJVVWJ7kCLGGARTfG_cCKNEK0,35.6458696,139.7081691,2,1.0
ChIJ60CI3CWLGGARI5gMXcztiS0,35.6458696,139.7081691,2,1.0
ChIJC_vAmhOLGGARlWy8M3q6dDs,35.6457124,139.7085560,1,11.0
ChIJYdZchQKLGGARbBXOxkI_I4g,35.6458696,139.7085560,2,10.2
ChIJbdI-aQCLGGAR0ECa5vw3B28,35.6457124,139.7089429,1,4.6
ChIJU8ToikCLGGAR0Oq1nGUx-0s,35.6457124,139.7089429,1,4.6
ChIJA7bMikCLGGARObPnkPPV9nc,35.6457124,139.7089429,1,4.6
ChIJA7bMikCLGGARHknVMYoJy9Y,35.6457124,139.7089429,1,4.6
ChIJZ1nBi0CLGGARjo0kNPzaWV8,35.6457124,139.7089429,1,4.6
ChIJDyKDYUCLGGAR3noc_Yc6yh4,35.6457124,139.7089429,1,4.6
ChIJ5bJYQUuLGGARD5ZJb1yaa78,35.6457124,139.7089429,1,4.6
ChIJURGhAwCLGGAR5pxxiEWKzaw,35.6457124,139.7089429,1,4.6
ChIJP_D8T6WLGGAR1JZSWsnC42s,35.6457124,139.7089429,1,4.6
ChIJAzNjYUCLGGARNr6wyhc3GSw,35.6457124,139.7089429,1,4.6
ChIJiflpYECLGGAR7UFly0VtGOg,35.6457124,139.7089429,1,4.6
ChIJF3r-j0eLGGAR1Sk5jRN-XEw,35.6460268,139.7073953,1,0.5
ChIJzR7i20CLGGARyGCzVBgHnjU,35.6460268,139.7073953,1,0.5
ChIJdQ2820CLGGARFFoJ0oqwwBA,35.6460268,139.7073953,1,0.5
ChIJnbeS3ECLGGARYuHChO4axFM,35.6460268,139.7073953,1,0.5
ChIJGRFoWGyLGGAR0wtKP8GPNPI,35.6460268,139.7073953,1,0.5
ChIJ630mV9iLGGARcCKkoxaXml4,35.6460268,139.7073953,1,0.5
ChIJdQ2820CLGGARddHDQnMSa88,35.6460268,139.7073953,1,0.5
ChIJdQ2820CLGGARgJ6Fj_2Z9mk,35.6460268,139.7073953,1,0.5
ChIJnbeS3ECLGGARUmJrWtx_fq8,35.6460268,139.7073953,1,0.5
ChIJJxeu20CLGGARzvMk4stXhcI,35.6460268,139.7073953,1,0.5
ChIJv_DtHQCLGGAR4FBTbs0atcg,35.6460268,139.7073953,1,0.5
ChIJka2I3UCLGGARmjeL6R79qvE,35.6460268,139.7077822,1,3.2
ChIJDZRfXByLGGARJrsanRkcrLE,35.6460268,139.7077822,1,3.2
ChIJFdOh8g2LGGARbiBQvUfc100,35.6460268,139.7077822,1,3.2
ChIJn80F6ECLGGARIXPRhg_K6ks,35.6460268,139.7077822,1,3.2
ChIJo81NFwCLGGARl-eAI8OjOvU,35.6460268,139.7077822,1,3.2
ChIJCe193UCLGGARh4y1fTz1Cp0,35.6460268,139.7077822,1,3.2
ChIJbXuyEfiLGGARn2bVMv4fUkg,35.6460268,139.7077822,1,3.2
ChIJn8f050CLGGARM5UWKrsoZlw,35.6460268,139.7077822,1,3.2
ChIJF3fZcxiLGGARzk3TIo0w79o,35.6461840,139.7077822,2,4.8
ChIJT5qE50CLGGAR5nXtp4BLc70,35.6461840,139.7077822,2,4.8
ChIJexNzKbSLGGARPRaGlwp-dQM,35.6460268,139.7077822,1,3.2
ChIJsSj6OQCLGGARCeax39OLAmc,35.6460268,139.7077822,1,3.2
ChIJQ6rs7oqLGGAR4eqbVFzMf68,35.6460268,139.7077822,1,3.2
ChIJwYZ7CueLGGARnmLL1YZTp88,35.6460268,139.7077822,1,3.2
ChIJRy5i-0eLGGARBc6QUMcHjrQ,35.6460268,139.7077822,1,3.2
ChIJAQBp6ECLGGAR0BnZUOuIKvw,35.6460268,139.7077822,1,3.2
ChIJJ9Bn6ECLGGARxs6nvyKmNoA,35.6460268,139.7077822,1,3.2
ChIJJ9Bn6ECLGGARUqdW9uwsiJ4,35.6460268,139.7077822,1,3.2
ChIJ2zVp5kCLGGARLh5McQ3kJJE,35.6460268,139.7077822,1,3.2
ChIJLWdB5kCLGGAROQVUESAP_e4,35.6460268,139.7077822,1,3.2
ChIJad5xWASLGGARL1SVrGrlyWI,35.6460268,139.7081691,1,4.7
ChIJja0I46KLGGAR7fP-s1xlVhw,35.6460268,139.7081691,1,4.7
ChIJu-P65UCLGGARQDAg_VSeU7I,35.6460268,139.7081691,1,4.7
ChIJ8WrVWuCLGGARu-3NvQZe8ok,35.6460268,139.7081691,1,4.7
ChIJ8WnTUSKLGGARf8kj585jWzU,35.6461840,139.7081691,2,4.2
ChIJjX_iKACLGGARf2hYpKXr1ZM,35.6461840,139.7081691,2,4.2
ChIJKX6T5UCLGGAR3g9rRI8W6tQ,35.6461840,139.7081691,2,4.2
ChIJq6oW5kCLGGARDeT6KLmR0Pc,35.6460268,139.7081691,1,4.7
ChIJtwtp5ECLGGARSme1SozLQ2U,35.6461840,139.7081691,2,4.2
ChIJ2zVp5kCLGGARAn49JpEN47w,35.6460268,139.7081691,1,4.7
ChIJYT99EwCLGGARZqM_iq0fXHo,35.6461840,139.7081691,2,4.2
ChIJnwytfC-LGGARUdW_8LfS-qw,35.6460268,139.7085560,1,3.1
ChIJRd208UCLGGARBv3Qil1j8NE,35.6460268,139.7085560,1,3.1
ChIJDaGkdJSLGGARxHYeBn55fWM,35.6461840,139.7085560,2,1.5
ChIJE9QvPVyLGGARpR8rZZb3Grs,35.6461840,139.7085560,2,1.5
ChIJTQeUXbSLGGARfAMa6ewTU7M,35.6461840,139.7085560,2,1.5
ChIJ8ytPdvGLGGARcYUwifo1f5Y,35.6461840,139.7085560,2,1.5
ChIJmQYzDwWLGGARyoNbK3ATMSo,35.6460268,139.7085560,1,3.1
ChIJoZv0ADKLGGARqKBFyqjIDhQ,35.6460268,139.7087495,2,4.1
ChIJIevxcwCLGGARYoRxh4_YTeM,35.6460268,139.7087495,2,4.1
ChIJB5pbMgCLGGARUSzEKPYTOho,35.6460268,139.7087495,2,4.1
ChIJFcECp7CLGGARJoOC12P7m5k,35.6460268,139.7087495,2,4.1
ChIJDYP-7UCLGGARgTqUGgxSisA,35.6460268,139.7085560,1,3.1
ChIJ70mhO9yLGGARS7T7LUcN5hE,35.6460268,139.7085560,1,3.1
ChIJzVByXmiLGGAR1PabxAgYS-4,35.6460268,139.7087495,2,4.1
ChIJh6BiJriLGGARdYM1YWsmi-Q,35.6460268,139.7089429,1,6.8
ChIJ98bXKhaLGGARECFtn20ttj4,35.6460268,139.7089429,1,6.8
ChIJ153McFOLGGARjsxIJSJBdlo,35.6460268,139.7089429,1,6.8
ChIJq3fr9UCLGGAR47f9hGvW8KQ,35.6460268,139.7089429,1,6.8
ChIJRUyL9UCLGGARX6zBDJGqrXs,35.6460268,139.7089429,1,6.8
ChIJq6qV9UCLGGARf4mQWTO4a0w,35.6460268,139.7089429,1,6.8
ChIJp-E49ECLGGAREXcaELThCdI,35.6460268,139.7089429,1,6.8
ChIJR0CSX0CLGGAR4BwoeozBlgw,35.6460268,139.7089429,1,6.8
ChIJufFx9kCLGGARtqKLwDFgygE,35.6461840,139.7089429,2,7.0
ChIJNfnjXkCLGGARpLtEJzQiGuA,35.6460268,139.7089429,1,6.8
ChIJiXvIxdiLGGARtj35jNakinI,35.6460268,139.7089429,1,6.8
ChIJo4CV9UCLGGARMrreHsqzp-k,35.6460268,139.7089429,1,6.8
ChIJ-f-d_UGLGGARJsIjOJcjzvw,35.6460268,139.7089429,1,6.8
ChIJufFx9kCLGGARzOTCjMkO7_c,35.6461840,139.7089429,2,7.0
ChIJq3fr9UCLGGARlCveBjy5mcQ,35.6460268,139.7089429,1,6.8
ChIJE7OI30CLGGAR-oFNnuIvq8Y,35.6465508,139.7075243,3,3.0
ChIJL3RrIEGLGGAR3994zKJudYE,35.6464984,139.7077822,2,4.4
ChIJtwtp5ECLGGARbrUSRLRHUrs,35.6463412,139.7081691,1,7.2
ChIJtwtp5ECLGGARg9nwxLFn_cc,35.6463412,139.7081691,1,7.2
ChIJtwtp5ECLGGARaOfLJAVyHwg,35.6463412,139.7081691,1,7.2
ChIJtwtp5ECLGGARu76d7BhJe5k,35.6463412,139.7081691,1,7.2
ChIJq6qqmkCLGGARMuPCPClODcI,35.6463412,139.7081691,1,7.2
ChIJmR-O5ECLGGARlqzgK_2aZHw,35.6463412,139.7081691,1,7.2
ChIJM52g5ECLGGARDIkx7821X0A,35.6463412,139.7081691,1,7.2
ChIJ_66d5ECLGGARyuhU9Bwz4xs,35.6463412,139.7081691,1,7.2
ChIJtwtp5ECLGGARtgbRguqgZ8s,35.6463412,139.7081691,1,7.2
ChIJH3mCVUWLGGARW4HutYlSako,35.6463412,139.7081691,1,7.2
ChIJD5PVMhOLGGARFK_tuUR86hI,35.6463412,139.7081691,1,7.2
ChIJm7oijaWLGGARXnrSfrNBWwQ,35.6463412,139.7083626,2,8.5
ChIJYdnRjtmLGGARXZGrfL6DxdI,35.6463412,139.7081691,1,7.2
ChIJiX4T-0CLGGARkhTw3eBb5KM,35.6463412,139.7085560,1,2.4
ChIJIYn1-kCLGGAR7_IrG1u29J8,35.6463412,139.7085560,1,2.4
ChIJDSOOHACLGGARpOzZFqbEnl0,35.6463412,139.7085560,1,2.4
ChIJfamx-0CLGGAReGNSTSr8kr4,35.6464984,139.7085560,2,3.8
ChIJfamx-0CLGGARTwFH-YiHo4w,35.6464984,139.7085560,2,3.8
ChIJfamx-0CLGGARuc0EIBmfx-A,35.6463412,139.7085560,1,2.4
ChIJHzZ6bhuLGGARYaB7yTP2RaY,35.6463412,139.7085560,1,2.4
ChIJZxPPnTCLGGAR1IaUM4VqJVE,35.6463412,139.7087495,2,5.3
ChIJ7zXPxHeLGGARTAUVd5sOgrc,35.6463412,139.7087495,2,5.3
ChIJ9R9BRF6LGGARBOZ_NYxE1Zs,35.6464984,139.7085560,2,3.8
ChIJfamx-0CLGGARZ4GVq7Pn5bc,35.6464984,139.7085560,2,3.8
ChIJfamx-0CLGGARvWaRR-vhaaM,35.6464984,139.7085560,2,3.8
ChIJiX4T-0CLGGARIdncuM0Y-2s,35.6464984,139.7085560,2,3.8
ChIJdbBE-UCLGGARVlMgp1ajkKw,35.6464984,139.7085560,2,3.8
ChIJ5QEu8qyLGGARlL4ko0ZWxr0,35.6463412,139.7087495,2,5.3
ChIJhYsW_ASLGGAR-tZC31Vw0q8,35.6463412,139.7089429,1,11.4
ChIJSw7wCwCLGGARCNuFFLp1oj0,35.6463412,139.7089429,1,11.4
ChIJM60a-ECLGGAR5kThzoVksBo,35.6464984,139.7089429,2,0.8
ChIJPXGr1sSLGGARk-395Fnc-l4,35.6463412,139.7089429,1,11.4
ChIJHbAJ-ECLGGARdtUKUjqLHEo,35.6464984,139.7089429,2,0.8
ChIJHbAJ-ECLGGARzYumOZOzOjA,35.6464984,139.7089429,2,0.8
ChIJHbAJ-ECLGGARKYx4iezks5A,35.6464984,139.7089429,2,0.8
ChIJHbAJ-ECLGGARIzs763C2VJU,35.6464984,139.7089429,2,0.8
ChIJ_xEc90CLGGARIXK6LYS8JWU,35.6463412,139.7089429,1,11.4
ChIJkyaVZQmLGGARXMswF0lsLAw,35.6464984,139.7089429,2,0.8
ChIJRSRqWECLGGARyw--PjRk8Z4,35.6463412,139.7089429,1,11.4
ChIJxzCYtR2LGGAR_NJQ_K_PRFc,35.6463412,139.7089429,1,11.4
ChIJsesa7p-LGGARlv9L1Vn4EcY,35.6463412,139.7089429,1,11.4
ChIJHbAJ-ECLGGARbYRRn-oQo6g,35.6463412,139.7089429,1,11.4
ChIJkfodIUGLGGARV3cgtDoQWSg,35.6466556,139.7073953,1,15.3
ChIJ-2mOvPuLGGARK5CTGoVzIcA,35.6468128,139.7073953,2,3.7
ChIJt8vz7VGLGGAR2d_BSQXvZlE,35.6466556,139.7077822,1,8.6
ChIJFShgMaSLGGARyigc7NnegZA,35.6466556,139.7077822,1,8.6
ChIJL3RrIEGLGGAR3jy84DYhReo,35.6466556,139.7077822,1,8.6
ChIJjaGVz9WLGGARFccoVMMkmWI,35.6466556,139.7079756,2,3.5
ChIJHWyTHUGLGGARm51E1NtfU2M,35.6466556,139.7081691,1,7.4
ChIJt5EtKdiLGGARZPvtUmzmDBI,35.6468128,139.7081691,2,2.4
ChIJPaVRHEGLGGARjA5E-FLIyoE,35.6466556,139.7081691,1,7.4
ChIJj8bdk2SLGGARPtFjreUDD0o,35.6468128,139.7081691,2,2.4
ChIJgUZ1wZWLGGARSQb3Osir6IQ,35.6468128,139.7081691,2,2.4
ChIJpcKXtkmLGGARBflp6xhaVZs,35.6468128,139.7081691,2,2.4
ChIJHWyTHUGLGGARxeA-24LFKbU,35.6468128,139.7081691,2,2.4
ChIJHWyTHUGLGGAR3P7o4OlBvZY,35.6468128,139.7081691,2,2.4
ChIJI6LGHUGLGGARRMv_N15FXGA,35.6468128,139.7081691,2,2.4
ChIJUUZper-LGGARa-kqLFqmjHg,35.6468128,139.7081691,2,2.4
ChIJmR_KHUGLGGARaeKOv4tJCAg,35.6468128,139.7081691,2,2.4
ChIJf1AaHUGLGGAR5AjARIng2Yk,35.6468128,139.7081691,2,2.4
ChIJ5aV8_ECLGGARzC-nR-Qtw4Q,35.6466556,139.7085560,1,2.3
ChIJz2Q2eACLGGARezg0tFQHGD8,35.6466556,139.7085560,1,2.3
ChIJq6qqmkCLGGARIbjdywFaTH4,35.6466556,139.7085560,1,2.3
ChIJq6qqmkCLGGARE1hrxiOnPwU,35.6466556,139.7085560,1,2.3
ChIJdc8BCQCLGGARh8un9pFtmPk,35.6466556,139.7085560,1,2.3
ChIJKR4RVwCLGGARKrQ4OLgnweQ,35.6466556,139.7085560,1,2.3
ChIJ1zRr_ECLGGARMCyGbgo4vjU,35.6466556,139.7085560,1,2.3
ChIJExte-0CLGGAR6yDhKAgcevM,35.6466556,139.7085560,1,2.3
ChIJn3WfR-GLGGARzgxFOJscblM,35.6466556,139.7087495,2,2.7
ChIJdbBE-UCLGGARPsTsbwTcp7w,35.6466556,139.7087495,2,2.7
ChIJrXVC-UCLGGARZKkKgfh0NmI,35.6466556,139.7087495,2,2.7
ChIJdbBE-UCLGGAR7gj5HTAB7Qk,35.6466556,139.7087495,2,2.7
ChIJA1X2Oy2LGGARpFPE0rj8yNQ,35.6466556,139.7087495,2,2.7
ChIJH0OORtKLGGARcxgpXlwe5os,35.6466556,139.7089429,1,8.3
ChIJybVrsaaLGGARRs9Hx3facxo,35.6466556,139.7089429,1,8.3
ChIJl99JAlqLGGARkECHkF5w-gA,35.6466556,139.7089429,1,8.3
ChIJC7YjtDeLGGARslCuPK7e2zw,35.6466556,139.7089429,1,8.3
ChIJ_wGqOYOLGGAR2zvv8m_A-jw,35.6466556,139.7089429,1,8.3
ChIJw_oOHQCLGGARPmhONFVRgw8,35.6466556,139.7089429,1,8.3
ChIJdbBE-UCLGGARGCLacPGeH4U,35.6466556,139.7089429,1,8.3
ChIJdR6lV0CLGGAR8RUdBaBJcDI,35.6466556,139.7089429,1,8.3
ChIJF6ZRmEthGGARrhMbORvxlPs,35.6469700,139.7073953,1,9.9
ChIJZzbbefOLGGARHA3I-CsR5Mg,35.6469700,139.7073953,1,9.9
ChIJuQSB87mLGGARM5LCma2m4iY,35.6469700,139.7073953,1,9.9
ChIJoymOuBWLGGARqPDYa1taihU,35.6469700,139.7075887,2,9.8
ChIJhfQ_4aaLGGARwLnePduNJjE,35.6469700,139.7075887,2,9.8
ChIJbxuzHgqLGGARQxU__ffjS8s,35.6469700,139.7073953,1,9.9
ChIJ3Uu9OkGLGGAR7tXvsjjENC0,35.6469700,139.7073953,1,9.9
ChIJxSQhPUGLGGARX0ZdadyNhZY,35.6469700,139.7075887,2,9.8
ChIJGbtxPEGLGGARDjWud7GfOUI,35.6469700,139.7073953,1,9.9
ChIJGwkiPUGLGGAR9pwK_cOz394,35.6469700,139.7075887,2,9.8
ChIJdbBE-UCLGGARbZXWzZc0Roc,35.6469700,139.7075887,2,9.8
ChIJxSQhPUGLGGARKMH2YORvJwA,35.6469700,139.7075887,2,9.8
ChIJpSh5GEGLGGARe-8zlKwWAH8,35.6469700,139.7077822,1,1.8
ChIJr0jpGEGLGGARTCjj_lP5dD4,35.6469700,139.7077822,1,1.8
ChIJpSh5GEGLGGARGLlxap7oBYQ,35.6469700,139.7077822,1,1.8
ChIJp2HMHkGLGGAR-eEmfTtrG3c,35.6469700,139.7079756,2,7.0
ChIJhygXPUGLGGAR9x0Ol_jGIzU,35.6469700,139.7077822,1,1.8
ChIJCZxqGkGLGGARzYuQxLXD_3I,35.6469700,139.7079756,2,7.0
ChIJq-lW5JiLGGARomcP9roJpJI,35.6469700,139.7079756,2,7.0
ChIJ55Z2HEGLGGAReerE4BKrxr0,35.6469700,139.7083626,2,6.0
ChIJCeQi9tOLGGARBTCvvlCWaUk,35.6469700,139.7083626,2,6.0
ChIJ7QWWDT2LGGARX5RgnwaAUbo,35.6469700,139.7083626,2,6.0
ChIJeyY6r5KLGGAR6rAr_4bPPlI,35.6469700,139.7083626,2,6.0
ChIJqxCKGYyLGGARFpRJKFY38Dc,35.6469700,139.7081691,1,8.0
ChIJ3-yxUACLGGARXdq900OaiTc,35.6469700,139.7085560,1,17.7
ChIJAY0pGTKLGGAR-qsvKwKs10A,35.6469700,139.7085560,1,17.7
ChIJb63ZBEGLGGARt57lQTPCVo4,35.6469700,139.7085560,1,17.7
ChIJb63ZBEGLGGARyeyftoF0VQc,35.6469700,139.7085560,1,17.7
ChIJITibSGKLGGARSKepRfTq8GY,35.6469700,139.7085560,1,17.7
ChIJQWo2G0GLGGARFjZI0g2csFY,35.6469700,139.7085560,1,17.7
ChIJb63ZBEGLGGAR21BF8z-ceOg,35.6469700,139.7085560,1,17.7
ChIJG7zGBEGLGGAR3kOb-15jIoY,35.6469700,139.7085560,1,17.7
ChIJZ0TpfWaLGGARtTz_6D_dn7Y,35.6469700,139.7085560,1,17.7
ChIJb63ZBEGLGGARXCvQK_1cYSo,35.6469700,139.7085560,1,17.7
ChIJ0e9qSgCLGGAR8NeKAAq57vQ,35.6469700,139.7085560,1,17.7
ChIJd3Bl_kCLGGAR3HhnSFKuGKk,35.6469700,139.7087495,2,10.9
ChIJxXBH_0CLGGARFaUyV3kVOZ0,35.6469700,139.7089429,1,11.8
ChIJh-Y2-AeMGGARnHcME1AKN34,35.6851480,139.7632503,1,15.8
ChIJV_L7a2yNGGAREO-EcaBvvgU,35.6851480,139.7632503,1,15.8
ChIJI3kYDPiLGGARtsFy0t58jGc,35.6851480,139.7636374,1,23.7
ChIJUeaBbOSLGGARYoRfSa-t9Qc,35.6851480,139.7640245,1,21.1
ChIJuxvHlviLGGAReRKmy5eew8I,35.6851480,139.7640245,1,21.1
ChIJy2YUMgCNGGARtc_OHOJ-RSI,35.6854624,139.7632503,1,20.8
ChIJL_mHkQeMGGARc5P0s74sBAQ,35.6854624,139.7638310,2,17.7
ChIJTy3MawCNGGARqCjqry4SI0U,35.6856196,139.7636374,2,8.6
ChIJLb73yxuNGGARWK3vxxuBTNg,35.6857768,139.7636374,1,19.7
ChIJL_mHkQeMGGARVBxL8DG5324,35.6857768,139.7636374,1,19.7
ChIJL_mHkQeMGGARWn-4e7RKYS4,35.6857768,139.7636374,1,19.7
ChIJL_mHkQeMGGARqyaTwImaVZI,35.6857768,139.7636374,1,19.7
ChIJ95J08geMGGAR1N4KSdh3kp0,35.6857768,139.7636374,1,19.7
ChIJC34aVzSNGGARhznUWZBGYWU,35.6857768,139.7640245,1,3.3
ChIJAQBAkgeMGGAReclSxySzPc4,35.6857768,139.7640245,1,3.3
ChIJBzAokgeMGGAR7d0sXO1vhPo,35.6859340,139.7644116,2,1.5
ChIJQzzYVOWNGGAROrgeWYKYYXg,35.6859340,139.7647987,2,2.8
ChIJYzf6mAeMGGARJdOGsZhPdgM,35.6862484,139.7644116,2,8.2
ChIJ_WHclQeMGGARDesQF_d4Bn8,35.6862484,139.7644116,2,8.2
ChIJ_WHclQeMGGARGln4HhRsR20,35.6862484,139.7644116,2,8.2
ChIJL_mHkQeMGGARKf_qStGvksY,35.6860912,139.7644116,1,9.4
ChIJL_mHkQeMGGARceanUrI_P9c,35.6860912,139.7644116,1,9.4
ChIJ_WHclQeMGGAReGW4HGtibq4,35.6863008,139.7646697,3,9.9
ChIJp3be1AeMGGARtyjhr7ug46k,35.6864056,139.7632503,1,31.0
ChIJ_WHclQeMGGARrHNl9tu9BYc,35.6864056,139.7644116,1,2.4
ChIJzfBebwCNGGAR6SwCb_7BXZ4,35.6864056,139.7644116,1,2.4
ChIJ_WHclQeMGGARaCvXqQELEmg,35.6864056,139.7646051,2,7.0
ChIJv0TzmAeMGGARsFh7FPlR2UY,35.6864056,139.7644116,1,2.4
ChIJnc5NIwCNGGARGu8SNE346Zc,35.6864056,139.7647987,1,0.8
ChIJWagav2aNGGAR2dGFurCZgK8,35.6864056,139.7647987,1,0.8
ChIJD_2xJQCNGGARtRDDbCyZpcs,35.6864056,139.7647987,1,0.8
ChIJDRx05WaNGGARG5OX4zmS9Ng,35.6864056,139.7647987,1,0.8
ChIJ_WHclQeMGGARwG2S4Hbowvs,35.6864056,139.7647987,1,0.8
ChIJ_WHclQeMGGARCdpce_gIRNw,35.6864056,139.7647987,1,0.8
ChIJ_WHclQeMGGAR767a7gUbWLQ,35.6864056,139.7647987,1,0.8
ChIJ_WHclQeMGGARbsElv9-BlyM,35.6864056,139.7647987,1,0.8
ChIJ_WHclQeMGGAR-dSCBdc2-7s,35.6864056,139.7647987,1,0.8
ChIJ55D6Br3lGGARsilkZi98ykw,35.7023704,139.5056077,1,10.0
ChIJgxCfBr3lGGARhxZkwdtGkx4,35.7023704,139.5056077,1,10.0
ChIJq3sNqr3lGGARAFaMr0_GWfo,35.7023704,139.5056077,1,10.0
ChIJIeeFDr3lGGARxC2NQv0dkGs,35.7023704,139.5059949,1,4.4
ChIJb8zrSaPlGGARJzS8ImXywX4,35.7023704,139.5059949,1,4.4
ChIJWdmiD73lGGARTjdCKTARn2M,35.7023704,139.5059949,1,4.4
ChIJsc6vDb3lGGARFFLeCB7MSWI,35.7023704,139.5061885,2,8.4
ChIJsc6vDb3lGGARQQqPO-QNpdE,35.7023704,139.5061885,2,8.4
ChIJWdmiD73lGGARPgbY_Q_lAOo,35.7023704,139.5059949,1,4.4
ChIJZTMSDr3lGGAR5KDv3KICLFc,35.7023704,139.5059949,1,4.4
ChIJYUOHAQDlGGARHP-pEcSnx_0,35.7023704,139.5061885,2,8.4
ChIJAbu1LxvlGGARkLEUzxWvtdc,35.7023704,139.5059949,1,4.4
ChIJsc6vDb3lGGARD7i5s5RZHv4,35.7023704,139.5061885,2,8.4
ChIJ6VoUf-PlGGAR9fZmAC9nhmE,35.7023704,139.5059949,1,4.4
ChIJsc6vDb3lGGAR4Z5I53gGLiw,35.7023704,139.5059949,1,4.4
ChIJwZjEZC7lGGARD_OvoIRiy1M,35.7023704,139.5059949,1,4.4
ChIJT09hOADlGGAR7FtHrOOTD-4,35.7023704,139.5063821,1,9.5
ChIJzzlsUwDlGGAR5vhIO9YvMPQ,35.7023704,139.5063821,1,9.5
ChIJsc6vDb3lGGARYaMBG1wHSII,35.7023704,139.5063821,1,9.5
ChIJ26uPNN_lGGARgpediyUVJiE,35.7023704,139.5063821,1,9.5
ChIJsc6vDb3lGGARXl-buW-ZSPo,35.7023704,139.5063821,1,9.5
ChIJf0CPZovlGGARdL2ciJy-27A,35.7023704,139.5063821,1,9.5
ChIJwcLySgDlGGAR8O5-fvV-orY,35.7025276,139.5063821,2,6.4
ChIJsc6vDb3lGGARTzfYP6enacc,35.7023704,139.5063821,1,9.5
ChIJx2Lg4urlGGARaybl_B86YAE,35.7025276,139.5063821,2,6.4
ChIJ3-pNe2LlGGAR6q-hq_UItD8,35.7023704,139.5063821,1,9.5
ChIJO7Wd_U_lGGARTy9HYvYD73Q,35.7025276,139.5063821,2,6.4
ChIJvWy7I7zlGGAR1I9kOf-jw6E,35.7025276,139.5063821,2,6.4
ChIJQ7liT-LlGGARPAJtnQYQOlU,35.7025276,139.5063821,2,6.4
ChIJcUHQ08SPGGARaBwH7U-Zu8M,35.7023704,139.5063821,1,9.5
ChIJsc6vDb3lGGAR41FSWbPCaKg,35.7023704,139.5063821,1,9.5
ChIJcz5AZb3lGGARVYAg0ew_Tic,35.7023704,139.5071565,1,4.5
ChIJkTG3lWHlGGAR6vta3Q76F0E,35.7023704,139.5071565,1,4.5
ChIJ0VfXAMTlGGAR04yH8MAPRKE,35.7023704,139.5071565,1,4.5
ChIJ0T4lCGHlGGARYZ2cbTtI6_c,35.7025276,139.5071565,2,2.2
ChIJz4nTdL3lGGARWQcT5XD7Rdg,35.7026848,139.5063821,1,0.6
ChIJz4nTdL3lGGARdI_3zr6FLiE,35.7026848,139.5063821,1,0.6
ChIJa5_LWwDlGGARucZmoSk3n0I,35.7026848,139.5063821,1,0.6
ChIJuSuSdL3lGGARPIWQZxfoMNk,35.7026848,139.5063821,1,0.6
ChIJq6OZdL3lGGARH2zAXYcxj3c,35.7026848,139.5063821,1,0.6
ChIJy4GUdL3lGGAR8AlEvjWEuvI,35.7026848,139.5063821,1,0.6
ChIJq6OZdL3lGGARIZx4hcNkPvI,35.7026848,139.5063821,1,0.6
ChIJYR0tdb3lGGARXExI6ypPPFI,35.7026848,139.5063821,1,0.6
ChIJa_NqUxTlGGARFob4rVU2FnI,35.7026848,139.5063821,1,0.6
ChIJ7yhmB4nlGGARAj1Gq75n9R8,35.7026848,139.5063821,1,0.6
ChIJoejFXwDlGGARYtFH5TnRdzk,35.7026848,139.5063821,1,0.6
ChIJgUKpu_rlGGARDUbM1Tsl5HU,35.7026848,139.5063821,1,0.6
ChIJa9466CrvGGARgiB8Y-19tF8,35.7028420,139.5063821,2,8.1
ChIJq6OZdL3lGGARwXGBB-vaB_g,35.7028420,139.5063821,2,8.1
ChIJ9VMiud7lGGARsQ5fwXcRGrk,35.7028420,139.5063821,2,8.1
ChIJq6r5er3lGGARE0ug6HjFLVE,35.7026848,139.5071565,1,5.0
ChIJY0YCe73lGGAR-CpZjTVCHEE,35.7026848,139.5071565,1,5.0
ChIJQ5tner3lGGAR7R407lgMRUA,35.7026848,139.5071565,1,5.0
ChIJ_WjkoL3lGGAR8snNO26bJ-Q,35.7029992,139.5059949,1,18.6
ChIJ_WjkoL3lGGAR0l2rn-yFDSs,35.7029992,139.5061885,2,9.7
ChIJBXHDob3lGGARvk7hbYUkmus,35.7029992,139.5063821,1,1.1
ChIJGVkkoL3lGGARuTHM6-ZyLE4,35.7029992,139.5063821,1,1.1
ChIJBXHDob3lGGARvkmDg5olSxE,35.7029992,139.5063821,1,1.1
ChIJBXHDob3lGGAROLiwxYMjR-U,35.7029992,139.5063821,1,1.1
ChIJ-8YKdb3lGGARjvnOZ2YTBWc,35.7029992,139.5063821,1,1.1
ChIJqST2nb3lGGARIWggNbP5D8w,35.7029992,139.5067693,1,12.8
ChIJdQgCJkDlGGARsBCaqaI9VUc,35.7029992,139.5071565,1,15.0
ChIJgSCihr3lGGARPFu4johzgEo,35.7034708,139.5071565,2,19.5
ChIJgSCihr3lGGARe9ePA9Pj_c4,35.7036280,139.5071565,1,15.6
ChIJx8lFbwDlGGARCyLfPavp55k,35.7036280,139.5071565,1,15.6
ChIJKdn3HuFhPjURSWCnmFsTCTU,31.5892544,130.5542420,1,11.8
ChIJn4MqqHZhPjURLhZCwHQg_F8,31.5892544,130.5542420,1,11.8
ChIJXy2p3qpgPjURWeuG9_PBEYs,31.5892544,130.5542420,1,11.8
ChIJm7FU2apgPjURHYsD-e7Mdfk,31.5892544,130.5542420,1,11.8
ChIJG4-fxqpgPjURCOq3WFH42lA,31.5892544,130.5542420,1,11.8
ChIJqXrgwHhW9xQRkjishEN23U8,31.5892544,130.5542420,1,11.8
ChIJY9IXKKtgPjURGn6UJHCDjuA,31.5892544,130.5542420,1,11.8
ChIJl7eA3KpgPjURla_O1dZ5q_M,31.5892544,130.5542420,1,11.8
ChIJr-N-3KpgPjURDIXcGIEeNS0,31.5892544,130.5542420,1,11.8
ChIJr-N-3KpgPjURThxMbljFUnw,31.5892544,130.5542420,1,11.8
ChIJKwLiXmdhPjURM8PVKOBxpOU,31.5892544,130.5542420,1,11.8
ChIJ72xq3KpgPjURh3X5bvzBvzc,31.5892544,130.5544265,2,0.6
ChIJZVQR3KpgPjURSfQyURqZGV8,31.5892544,130.5544265,2,0.6
ChIJ2dz12KpgPjURA7veK2ET8r4,31.5892544,130.5542420,1,11.8
ChIJN8pJ3KpgPjURxkmgLbnA42c,31.5892544,130.5544265,2,0.6
ChIJdVQb3_xhPjURyh-04Sa6uZ4,31.5892544,130.5542420,1,11.8
ChIJf60V2qpgPjURwNLMhKen33M,31.5892544,130.5542420,1,11.8
ChIJpfDnBABhPjUR7uPcaitppo8,31.5892544,130.5542420,1,11.8
ChIJIbhEXZ9hPjURGjvPuYXe3b4,31.5892544,130.5542420,1,11.8
ChIJn-d5OQBhPjURhZT1rdsCgk0,31.5892544,130.5542420,1,11.8
ChIJZ0hB4l9hPjURQj4vKyiXvlk,31.5892544,130.5546111,1,10.5
ChIJv6n8HgBhPjUR83OEKrFNNXg,31.5892544,130.5546111,1,10.5
ChIJWU5IpgFePjURCHNIVmQphio,31.5892544,130.5546111,1,10.5
ChIJG4-fxqpgPjURDCOx0YSfIaY,31.5892544,130.5546111,1,10.5
ChIJIdzEBKthPjURIYAakeH7Fes,31.5892544,130.5546111,1,10.5
ChIJ9Ucz3KpgPjURK9EgUUhXWb0,31.5892544,130.5546111,1,10.5
ChIJY9HHfgJhPjURHHU2hQE-IaE,31.5892544,130.5546111,1,10.5
ChIJWa0ZZidhPjURMtZNqhXocbk,31.5892544,130.5546111,1,10.5
ChIJ9Ucz3KpgPjURpWoBad2VQhA,31.5892544,130.5546111,1,10.5
ChIJ9Ucz3KpgPjURW4Q-xS7gzCQ,31.5892544,130.5546111,1,10.5
ChIJna85LyRhPjURy8ibnLfgVaw,31.5892544,130.5546111,1,10.5
ChIJcf_4wqpgPjURhjJ1MbsDC8k,31.5892544,130.5546111,1,10.5
ChIJOYWqlKpgPjURj1sS_Y_gc-g,31.5892544,130.5546111,1,10.5
ChIJL9US3qpgPjURLLyLlpvjBks,31.5892544,130.5546111,1,10.5
ChIJwfSSoTBhPjUR9l-vD3DE6is,31.5892544,130.5546111,1,10.5
ChIJY34FpQ1hPjUR_EB8aW78KIs,31.5892544,130.5546111,1,10.5
ChIJlZRz3qpgPjURm8mugKJiDm8,31.5892544,130.5546111,1,10.5
ChIJryFE5qpgPjUR19lFDJQivdc,31.5892544,130.5549802,1,9.0
ChIJZxdG5qpgPjURgt5M6s6MBSM,31.5892544,130.5549802,1,9.0
ChIJZxdG5qpgPjURtmkMld6znys,31.5892544,130.5549802,1,9.0
ChIJ-0asNwBhPjUR62baBqMVdMg,31.5892544,130.5549802,1,9.0
ChIJl0dGPmZhPjURI9wYGPCx3xg,31.5892544,130.5549802,1,9.0
ChIJrWU146FhPjURf_Tl4SHJ6PM,31.5892544,130.5549802,1,9.0
ChIJrZvx5qpgPjUR2YisgprttsY,31.5892544,130.5549802,1,9.0
ChIJw2EsHqtgPjURTkmq9oBGWU0,31.5892544,130.5549802,1,9.0
ChIJV5XB5qpgPjURnPEl69Xa7lE,31.5892544,130.5549802,1,9.0
ChIJ6XwN-PthPjURCsnL-N06SLo,31.5892544,130.5549802,1,9.0
ChIJV5XB5qpgPjURcvzHMfkzIq8,31.5892544,130.5549802,1,9.0
ChIJV5XB5qpgPjURu5XN-CgQUkc,31.5892544,130.5549802,1,9.0
ChIJV5XB5qpgPjUR14G4UhHtK0k,31.5892544,130.5549802,1,9.0
ChIJV5XB5qpgPjURwNAk9optTjo,31.5892544,130.5549802,1,9.0
ChIJV5XB5qpgPjUR780UyLA9ezM,31.5892544,130.5549802,1,9.0
ChIJo9oXjRdhPjURBZKSeZd1obw,31.5892544,130.5549802,1,9.0
ChIJCQi95qpgPjURWYOc1wEN3iY,31.5892544,130.5549802,1,9.0
ChIJCQi95qpgPjURZkmI1KPBom4,31.5892544,130.5549802,1,9.0
ChIJo-nzegBhPjURVCrTG3yBTOY,31.5892544,130.5549802,1,9.0
ChIJmz7cetdhPjUR4XtmdhC6FnM,31.5892544,130.5549802,1,9.0
ChIJh_temrVnPjUR38Ws_q9sono,31.5892544,130.5553493,1,10.3
ChIJVyaP05VhPjURlPE5aGCSUaQ,31.5892544,130.5553493,1,10.3
ChIJDV1ZVPhhPjURKUNMrV3LN_s,31.5892544,130.5553493,1,10.3
ChIJG9W83-lhPjURGwyCwVRYH_w,31.5892544,130.5553493,1,10.3
ChIJkb4u8qpgPjURNqn-mvPCb-Q,31.5894116,130.5553493,2,3.7
ChIJpa0x8qpgPjUReGPb-g7gaIg,31.5894116,130.5553493,2,3.7
ChIJpa0x8qpgPjURerNE7yRVpRs,31.5894116,130.5553493,2,3.7
ChIJ6dOiZwBhPjURSnsamqZca7Q,31.5894116,130.5553493,2,3.7
ChIJkb4u8qpgPjURDKbMsSlU5ac,31.5894116,130.5553493,2,3.7
ChIJAQAx8qpgPjURjRwP3Bap02Q,31.5894116,130.5553493,2,3.7
ChIJS5-Ezn5W9xQR5AlLS1DMpcE,31.5894116,130.5553493,2,3.7
ChIJlauznrxhPjURoI8Gc75NAns,31.5894116,130.5553493,2,3.7
ChIJad2H4qpgPjURkdgTwKK249A,31.5894116,130.5553493,2,3.7
ChIJLYl2fABhPjURWERVxgyGL98,31.5894116,130.5553493,2,3.7
ChIJGSBKXNFhPjURdhGki2jBovg,31.5894116,130.5553493,2,3.7
ChIJkb4u8qpgPjURNq6oZ-yWn90,31.5894116,130.5553493,2,3.7
ChIJ6R1r96pgPjURd0ALDH1HRMg,31.5892544,130.5557184,1,12.2
ChIJFSs0pIdhPjURkmbf4HXTOl4,31.5894116,130.5557184,2,3.0
ChIJUyQc-qpgPjURxPPbzTGc1_c,31.5892544,130.5557184,1,12.2
ChIJ7YOn8KpgPjUR9B2apzlPhA4,31.5892544,130.5557184,1,12.2
ChIJfUfM0chhPjURbrpYswn0QfA,31.5892544,130.5557184,1,12.2
ChIJUyQc-qpgPjURxAmqg1e5JRw,31.5892544,130.5557184,1,12.2
ChIJw6WuflFhPjUR4t-fJ8uTHv0,31.5892544,130.5557184,1,12.2
ChIJW32vWKpgPjURchzAaVmH_-E,31.5892544,130.5557184,1,12.2
ChIJezuYPQBhPjURUhO9Fl5pxss,31.5895688,130.5542420,1,1.0
ChIJX5rAyEZhPjURImtLnQq6NJo,31.5895688,130.5542420,1,1.0
ChIJo1sGw6pgPjURi-aywTqG4h4,31.5895688,130.5542420,1,1.0
ChIJ_Q7XiUhhPjURs9q7lACpr5o,31.5895688,130.5542420,1,1.0
ChIJAQAt26pgPjURFtSaGoTIiM0,31.5895688,130.5542420,1,1.0
ChIJe4Ms26pgPjURwTcbKgcBmWc,31.5895688,130.5542420,1,1.0
ChIJf6lEQQBhPjURK_1ifBLQ2Qk,31.5895688,130.5542420,1,1.0
ChIJS257YQBhPjURv5281ffn3EU,31.5895688,130.5542420,1,1.0
ChIJ72I626pgPjURjtbRsS0RQvM,31.5895688,130.5542420,1,1.0
ChIJ72I626pgPjURNNEEGn0Tl9U,31.5895688,130.5542420,1,1.0
ChIJsSXqxKpgPjURd8shcfdDoZ8,31.5895688,130.5542420,1,1.0
ChIJFznT2qpgPjURXhw8eVrNZxA,31.5895688,130.5542420,1,1.0
ChIJSY2iiOdhPjURQ9GntvhylC4,31.5895688,130.5542420,1,1.0
ChIJ1ZCtyTphPjUR3iswqwNog5g,31.5895688,130.5542420,1,1.0
ChIJbewt26pgPjURADNV6eTsYkY,31.5895688,130.5542420,1,1.0
ChIJhajTxKpgPjURSxG_Q6ZGREw,31.5895688,130.5542420,1,1.0
ChIJ11rlSoVhPjURf8Cs2k91Dxw,31.5895688,130.5542420,1,1.0
ChIJe4Ms26pgPjURFC3Ow3jN05w,31.5895688,130.5542420,1,1.0
ChIJo8ObIWNhPjURgPr__pPFv_Y,31.5895688,130.5542420,1,1.0
ChIJA4RB26pgPjURCses97pnCyc,31.5895688,130.5542420,1,1.0
ChIJc9byQ6FhPjURM8JzAbQ7Lyc,31.5895688,130.5546111,1,3.8
ChIJZcbjIWxhPjUR_CfCbqMU8S4,31.5895688,130.5546111,1,3.8
ChIJHTOfeeVhPjUR2VBGm0S8rcc,31.5895688,130.5546111,1,3.8
ChIJgQ4kPCxhPjURy9qtxkXqnv4,31.5895688,130.5546111,1,3.8
ChIJF-h-wqpgPjURsRFIABqSpYw,31.5895688,130.5546111,1,3.8
ChIJF-h-wqpgPjURXJAR-cFjtKs,31.5895688,130.5546111,1,3.8
ChIJhYZ4dBZhPjUR1JhRzbcVLBg,31.5895688,130.5546111,1,3.8
ChIJBRM5wqpgPjUR_FMfmaD9YEY,31.5895688,130.5546111,1,3.8
ChIJy7b4jGVhPjURiawzFkoaJW4,31.5895688,130.5546111,1,3.8
ChIJcf_4wqpgPjUReD5JpWDg3HU,31.5895688,130.5546111,1,3.8
ChIJ2dO2TklhPjURS2J7PpJn9p8,31.5895688,130.5546111,1,3.8
ChIJF0gNbZdhPjURW1RRoBj5pRU,31.5895688,130.5546111,1,3.8
ChIJq1BqzPthPjURCZqWnu3YogI,31.5895688,130.5546111,1,3.8
ChIJYdvypfdhPjURn01FcVetwXI,31.5895688,130.5546111,1,3.8
ChIJm_4ABPBhPjURwwi12cDKQ38,31.5895688,130.5546111,1,3.8
ChIJI0XvfBphPjUR7QgTLE6lpNc,31.5895688,130.5546111,1,3.8
ChIJG4-fxqpgPjURZrSw7Vj7N5U,31.5895688,130.5546111,1,3.8
ChIJo1sGw6pgPjUR0aytWpqN1AE,31.5895688,130.5546111,1,3.8
ChIJAVXrubphPjURIvgm3DUSm28,31.5895688,130.5546111,1,3.8
ChIJ9Qz2BERhPjURUp-vJUMUfpU,31.5895688,130.5546111,1,3.8
ChIJi15m6QphPjURd44s6piqeRs,31.5895688,130.5549802,1,8.2
ChIJBxp1PdBhPjURoUXZ1HOBXZo,31.5895688,130.5549802,1,8.2
ChIJ48qbhnNfPjURrb-znQtiNRk,31.5895688,130.5549802,1,8.2
ChIJY3AJ6apgPjUR16BCXze99cE,31.5895688,130.5549802,1,8.2
ChIJ_YOqHKFhPjURGRw0mL7YGRs,31.5895688,130.5549802,1,8.2
ChIJIX9-gapgPjURllSKjxU2m8U,31.5895688,130.5549802,1,8.2
ChIJ6e-rSXhnPjURCifu78gGTiM,31.5895688,130.5549802,1,8.2
ChIJw0AEeABhPjURcArbg4nTBOk,31.5895688,130.5549802,1,8.2
ChIJXXOe7qpgPjUR48gadyU80rY,31.5895688,130.5549802,1,8.2
ChIJPeFfK9hhPjURtW670ODxhr4,31.5895688,130.5549802,1,8.2
ChIJh2livFRnPjURufGnLhT5CLQ,31.5895688,130.5549802,1,8.2
ChIJhbSe6apgPjUR5m8WXLNr9U0,31.5895688,130.5549802,1,8.2
ChIJsfNl7qpgPjURIcGtcoGxscc,31.5895688,130.5549802,1,8.2
ChIJu1GsIfZhPjURZ2EpHreyWEc,31.5895688,130.5549802,1,8.2
ChIJdyvL_a1hPjURgJe0AjvIZ4Y,31.5895688,130.5549802,1,8.2
ChIJW-5F7KpgPjURHua37AhUK-w,31.5895688,130.5549802,1,8.2
ChIJVVWpJr5ePjURYqWcD91tGz8,31.5895688,130.5549802,1,8.2
ChIJVVMq_OdhPjURCYDRDRrzP_E,31.5895688,130.5549802,1,8.2
ChIJg3rFyOVhPjURlGzMWKQg4b4,31.5895688,130.5549802,1,8.2
ChIJuUXN7apgPjUREcYD7K2Fxts,31.5895688,130.5549802,1,8.2
ChIJkb4u8qpgPjURezB8CnOXYLk,31.5895688,130.5553493,1,8.6
ChIJE3MNQwBhPjUR1tWHvnxYDtg,31.5895688,130.5553493,1,8.6
ChIJM_j89oVhPjURCPqjquGu7BQ,31.5895688,130.5553493,1,8.6
ChIJufVLwuBhPjURZVw5DlIqu2A,31.5895688,130.5553493,1,8.6
ChIJPcLepFlhPjURVzDquP6vNJY,31.5895688,130.5553493,1,8.6
ChIJTYK77apgPjURNn30h-zzbKk,31.5895688,130.5553493,1,8.6
ChIJx-RAUQBhPjURO9y-Xok5-GE,31.5895688,130.5553493,1,8.6
ChIJkb4u8qpgPjUR3OdsnT4DUjk,31.5895688,130.5555339,2,2.1
ChIJZeU0i6pgPjURbTQJv2hX1bA,31.5895688,130.5557184,1,3.5
ChIJEQT29KpgPjUROspZLBlRkHc,31.5895688,130.5557184,1,3.5
ChIJaY7GNVVhPjURS8zv_JoZlvQ,31.5895688,130.5557184,1,3.5
ChIJuRNc9apgPjURX9Vc_-Y_nz8,31.5895688,130.5557184,1,3.5
ChIJxSB7z6pgPjUR4libVizy6MU,31.5898832,130.5542420,1,2.9
ChIJAz9bj2dhPjURiOEp_nbFTyA,31.5898832,130.5542420,1,2.9
ChIJi7dlWQVhPjURkWD_0TG6t74,31.5900404,130.5542420,2,7.2
ChIJVVXc0AFePjUR6X7TLN93xkc,31.5900404,130.5542420,2,7.2
ChIJ__8LxapgPjURf0tK7OW2CMQ,31.5898832,130.5542420,1,2.9
ChIJxSB7z6pgPjURk03HJ4Li3v0,31.5898832,130.5542420,1,2.9
ChIJxc2Sw6pgPjUR_mxd0pRlLSc,31.5898832,130.5542420,1,2.9
ChIJh-uiBwBhPjURUP8qw1pK3Dw,31.5898832,130.5542420,1,2.9
ChIJnb0SxapgPjURGiaXQdN_Ees,31.5898832,130.5542420,1,2.9
ChIJ2eBs0apgPjUR_eMxeeuauAM,31.5898832,130.5542420,1,2.9
ChIJnb0SxapgPjURRrMQ-VejcTU,31.5898832,130.5542420,1,2.9
ChIJVfl9xapgPjURLMt--dop9gA,31.5898832,130.5542420,1,2.9
ChIJM_ZTxapgPjURMj8Ps_dOcag,31.5898832,130.5542420,1,2.9
ChIJVfl9xapgPjURqfposIMR9ss,31.5898832,130.5542420,1,2.9
ChIJVfl9xapgPjURZcWPdPZAvGY,31.5898832,130.5542420,1,2.9
ChIJVfl9xapgPjURBIZFxqDdfSE,31.5898832,130.5542420,1,2.9
ChIJR1iSw6pgPjURxxLH9uacyqM,31.5898832,130.5544265,2,5.3
ChIJ0SMrfgBhPjURc4j23l_sggI,31.5898832,130.5546111,1,6.4
ChIJNx4Rsu1hPjURe_xtccyKn3U,31.5898832,130.5546111,1,6.4
ChIJwdrIsTBhPjURfReqbx0b4SA,31.5898832,130.5546111,1,6.4
ChIJC27XwapgPjURt9fZsIaqqEk,31.5898832,130.5546111,1,6.4
ChIJC27XwapgPjURBQddlsZlwAI,31.5898832,130.5546111,1,6.4
ChIJUTbXwapgPjURUsMW2FmdG18,31.5898832,130.5546111,1,6.4
ChIJC27XwapgPjURHm9MJXYjNgo,31.5898832,130.5546111,1,6.4
ChIJaVGU6qpgPjUR3UsBR5Cj2vo,31.5898832,130.5546111,1,6.4
ChIJaVGU6qpgPjUR54JGTZnRLj4,31.5898832,130.5546111,1,6.4
ChIJaVGU6qpgPjURnGGi7eDcYEc,31.5898832,130.5546111,1,6.4
ChIJaVGU6qpgPjURiju1HHp5xMk,31.5898832,130.5546111,1,6.4
ChIJYz_r6qpgPjURbt1x4kzCjMk,31.5898832,130.5546111,1,6.4
ChIJaVGU6qpgPjURe6i-D2j6ccw,31.5898832,130.5547956,2,5.2
ChIJaVGU6qpgPjURXldwstemNvg,31.5898832,130.5546111,1,6.4
ChIJ2cPm8apgPjURtLFyHwb3H5o,31.5898832,130.5547956,2,5.2
ChIJAbZ-wapgPjURNlAFcLYi9DI,31.5898832,130.5546111,1,6.4
ChIJCQNpXKphPjUReltUC34AT0E,31.5898832,130.5546111,1,6.4
ChIJ95UR6qpgPjURbNjuqNIww30,31.5898832,130.5546111,1,6.4
ChIJ95UR6qpgPjURQGAbTsK3gCM,31.5898832,130.5546111,1,6.4
ChIJlyGwJgBhPjURdirrrUgiUpg,31.5898832,130.5549802,1,0.0
ChIJn3Gm7txhPjURXQRsCJngESs,31.5898832,130.5549802,1,0.0
ChIJxxullKpgPjURUy5vuk_338Q,31.5898832,130.5549802,1,0.0
ChIJxxullKpgPjURPqIJ-6OuesU,31.5898832,130.5549802,1,0.0
ChIJZ5qqlKpgPjUR9-g3Ineqxuo,31.5898832,130.5549802,1,0.0
ChIJwQHGlKpgPjUR8AFTBcpUvXg,31.5898832,130.5549802,1,0.0
ChIJaVGU6qpgPjURN0KC0rbjb7g,31.5898832,130.5549802,1,0.0
ChIJ9WBNc2phPjUR49IHLHvX3c0,31.5898832,130.5549802,1,0.0
ChIJW5C3p29hPjURuVxZM-xGEww,31.5898832,130.5549802,1,0.0
ChIJUZIaAgBhPjUR4V8rbE3ggrY,31.5898832,130.5549802,1,0.0
ChIJ-49i66pgPjURZRty8n3vKNM,31.5898832,130.5549802,1,0.0
ChIJ31pTDgBhPjURQFMAhZiNPeo,31.5898832,130.5549802,1,0.0
ChIJ7_8kVQVhPjURitSUGXxfM-0,31.5900404,130.5549802,2,5.2
ChIJa-_iSANhPjUR27M4LaOwVNk,31.5900404,130.5549802,2,5.2
ChIJN0sq66pgPjURwVL-S9aBwOk,31.5898832,130.5549802,1,0.0
ChIJr6-sOwBhPjURDQzV0Zt2rmo,31.5898832,130.5549802,1,0.0
ChIJaVGU6qpgPjURxGT_mRxout0,31.5898832,130.5549802,1,0.0
ChIJias0lapgPjUR9_Zccw5aUyw,31.5898832,130.5549802,1,0.0
ChIJWXIva4ZhPjURH7WlI80temI,31.5898832,130.5553493,1,11.3
ChIJb6s9j2xhPjURa_XKo3JSjbs,31.5898832,130.5553493,1,11.3
ChIJ4yMJ4eNhPjURfZ2U3mmhjvw,31.5898832,130.5555339,2,6.2
ChIJkadDeABhPjURQxBCcGPjgdg,31.5900404,130.5553493,2,1.7
ChIJ8RBMGMxhPjURW6NLMyhfClg,31.5898832,130.5553493,1,11.3
ChIJMXYgXwBhPjURyHnVpdZdi8c,31.5900404,130.5553493,2,1.7
ChIJ1XfOjqpgPjURTBdzGz56VeU,31.5900404,130.5557184,2,20.4
ChIJJ3TKI-9hPjURjHnPMQqpM0I,31.5901976,130.5546111,1,1.6
ChIJTZ3yeQBhPjURMSJpE0KyL3c,31.5901976,130.5547956,2,5.8
ChIJ425ucgBhPjUR3OL3umLhdKg,31.5901976,130.5547956,2,5.8
ChIJJ5YBhIphPjUR2xirWIMhxko,31.5901976,130.5547956,2,5.8
ChIJQQFUxqpgPjURHWHITAqp-YY,31.5901976,130.5547956,2,5.8
ChIJ-aVKqiVhPjURZ-s2c9w0dPw,31.5901976,130.5547956,2,5.8
ChIJD2MqDQBhPjURGTHRAcetit4,31.5901976,130.5547956,2,5.8
ChIJH3HWVdlhPjURRVtU6Xeb2dM,31.5901976,130.5547956,2,5.8
ChIJDxSLrFFhPjURAIhkacBQYXE,31.5901976,130.5549802,1,8.4
ChIJ2RVJny5hPjURm6C-lryh43w,31.5901976,130.5549802,1,8.4
ChIJ90DgLD1hPjURBasFOlQkj-g,31.5901976,130.5549802,1,8.4
ChIJN2g7ONdhPjUR16PqfD34azM,31.5901976,130.5553493,1,4.8
ChIJ63NV_2JhPjURcdhEVuF57Q4,31.5903548,130.5557184,2,10.0
ChIJeT-AQgBhPjURmS2Q0h3WQ3I,31.5903548,130.5557184,2,10.0
ChIJVVXloqpgPjURbNfcA4w2J3w,31.5905120,130.5546111,1,16.3
ChIJGwrCoqpgPjURRb-QQCtd2Ig,31.5905120,130.5546111,1,16.3
ChIJKYsbo6pgPjURdJHMYFYT5Kc,31.5905120,130.5546111,1,16.3
ChIJ4VCoPmJhPjURCFvlQ2bD0HU,31.5905120,130.5551648,2,4.1
ChIJJ1BhUABhPjURPasMNJ7C0hY,31.5905120,130.5551648,2,4.1
ChIJ4fOVV95hPjURGoqyoliyXiU,31.5905120,130.5551648,2,4.1
ChIJUy1l7PNhPjUR9WczxyiNqa8,31.5905120,130.5551648,2,4.1
ChIJC1i1FVBhPjURPHQ-IEjSp1Q,31.5905120,130.5551648,2,4.1
ChIJO_ua-7hhPjURcrYUCEhwLWs,31.5905120,130.5551648,2,4.1
ChIJjTE4kpthPjURrnpGAm5uGaM,31.5905120,130.5551648,2,4.1
ChIJY4Y2XwBhPjURFqHjUQ1MihI,31.5905120,130.5553493,1,3.7
ChIJA4WDg6pgPjURP33GtP9ko8I,31.5905120,130.5553493,1,3.7
ChIJv0qeCuJhPjURor1KTYumLes,31.5905120,130.5555339,2,6.7
ChIJn1O7R8dhPjURNo444lZAAGU,31.5905120,130.5555339,2,6.7
ChIJtxEGbnxhPjURsesqu4GwAK8,31.5905120,130.5555339,2,6.7
ChIJI3f8iElhPjURVC2CCmJ5cbc,31.5905120,130.5557184,1,15.3
ChIJucACFJ5hPjUR8i5O4ScccRg,31.5905120,130.5557184,1,15.3
ChIJfzVHijiLGGARGjwUfCAQ_CQ,35.6717924,139.7620367,1,13.9
ChIJ5S_dae-LGGAR0SBBurwxqsg,35.6717924,139.7620367,1,13.9
ChIJrexzoG2LGGARRin39EhFnuA,35.6717924,139.7620367,1,13.9
ChIJc7VVQlCLGGARyjpwhbm16Ng,35.6717924,139.7620367,1,13.9
ChIJZbDTSXOLGGARsKcuBAW72kk,35.6717924,139.7620367,1,13.9
ChIJibyP9OWLGGARvG-yIQjApmY,35.6717924,139.7628108,1,9.8
ChIJlwl35UmLGGARCIt-uW_EmnU,35.6719496,139.7628108,2,11.0
ChIJvbSR2e6LGGAR4Ihq9U2CsXQ,35.6717924,139.7628108,1,9.8
ChIJTfAw9-WLGGAR0p0LC76GIxs,35.6717924,139.7628108,1,9.8
ChIJtXYAIOmLGGAR4-gXG43b6kI,35.6717924,139.7628108,1,9.8
ChIJuS5C-uWLGGARCOHJrU75Z74,35.6717924,139.7630043,2,14.3
ChIJu63hxPCLGGAR1q8Z9wA1480,35.6717924,139.7628108,1,9.8
ChIJ7YC08OWLGGARLi-Fo45tivA,35.6717924,139.7628108,1,9.8
ChIJSw3_GwCLGGARnhAg5t-6R0c,35.6717924,139.7631978,1,5.6
ChIJC_3i7-WLGGARIPYJgh1YuZU,35.6717924,139.7631978,1,5.6
ChIJC_3i7-WLGGARBFiiZGIpAMc,35.6717924,139.7631978,1,5.6
ChIJ0_QutySLGGARaQnG-hRiKeI,35.6717924,139.7631978,1,5.6
ChIJq6r67-WLGGARGgDlFMVPfj8,35.6717924,139.7631978,1,5.6
ChIJ2Y7e7-WLGGARn2nDEZzmbb0,35.6717924,139.7631978,1,5.6
ChIJq3Md8OWLGGARiUnAVAIjqRE,35.6717924,139.7631978,1,5.6
ChIJuS5C-uWLGGARJEVVjL_mjuc,35.6717924,139.7631978,1,5.6
ChIJH3C97-WLGGARBgQP6yptUH0,35.6717924,139.7633913,2,5.1
ChIJ4_kp7-WLGGAR-A3UavD4GAU,35.6719496,139.7635849,2,8.7
ChIJrW5n5uWLGGARqwYg3HvgOFc,35.6717924,139.7635849,1,5.3
ChIJOY3wdXeLGGARlWZ79IOHZ70,35.6717924,139.7635849,1,5.3
ChIJq3LA5-WLGGARKwTowcQT9Ss,35.6717924,139.7635849,1,5.3
ChIJDXybb--LGGAR7dPAYNevUHc,35.6721068,139.7620367,1,3.5
ChIJe24tZgCLGGARcS--k-ScZFs,35.6721068,139.7622303,2,6.8
ChIJVVXpbu-LGGARahN9fPFbL3I,35.6721068,139.7620367,1,3.5
ChIJ227ybu-LGGARF3prMTG9XU4,35.6721068,139.7620367,1,3.5
ChIJyb8b5NuLGGARf0qG6xmietQ,35.6721068,139.7624238,1,5.0
ChIJUZ46ieWLGGARmJ4-eQSa_qA,35.6721068,139.7624238,1,5.0
ChIJDxBMYO-LGGARGbKsCGCKorQ,35.6721068,139.7624238,1,5.0
ChIJ7dTzYe-LGGARBtmCMcgmIks,35.6721068,139.7626173,2,2.4
ChIJYSUonf-LGGARDnFRHHCkRkQ,35.6722640,139.7624238,2,2.0
ChIJqWMebwCLGGARsv7l6eb86X0,35.6722640,139.7624238,2,2.0
ChIJQXNviwiLGGARxxNhaaf-LaA,35.6721068,139.7626173,2,2.4
ChIJVSEXMSWLGGARftRWE8utY0k,35.6722640,139.7624238,2,2.0
ChIJgXuBG6yLGGARgrSj6rNK3O8,35.6722640,139.7624238,2,2.0
ChIJD7OvIwCLGGARTpDn5OyVhAQ,35.6722640,139.7624238,2,2.0
ChIJUZ46ieWLGGAR4AIZY49lXOE,35.6722640,139.7624238,2,2.0
ChIJWVU7ieWLGGARYxBvtoIprZs,35.6722640,139.7624238,2,2.0
ChIJcfcwKaKLGGARZ2Ptk7fUo_c,35.6722640,139.7624238,2,2.0
ChIJyZF_ze6LGGARr-DMNnCJ2rE,35.6722640,139.7624238,2,2.0
ChIJVVUlUO-LGGARGzZVJQAUnN4,35.6722640,139.7624238,2,2.0
ChIJW40oCiKLGGAR3vworiw0Gdc,35.6721068,139.7626173,2,2.4
ChIJTbuOieWLGGARxPuOXn1IIes,35.6722640,139.7624238,2,2.0
ChIJC_6Z7KiLGGARW0kxJxH6W0M,35.6722640,139.7624238,2,2.0
ChIJWVU7ieWLGGARKbZZrl_11e8,35.6722640,139.7624238,2,2.0
ChIJebvqieWLGGARQKim3ErAts4,35.6722640,139.7628108,2,7.4
ChIJ9eDUFgCLGGAR1WFvPFo68NQ,35.6721068,139.7631978,1,5.3
ChIJvZg-mruLGGAR25UUas13Lqs,35.6721068,139.7631978,1,5.3
ChIJQczJbQCLGGAR5KPwyy35e_w,35.6721068,139.7635849,1,8.9
ChIJ8V94Ye-LGGARpioPpoJd44A,35.6724212,139.7628108,1,1.3
ChIJR8LbjuWLGGARly4dhPzZXIU,35.6724212,139.7630043,2,9.6
ChIJV6FyL--LGGARQwIspCjdWFU,35.6724212,139.7631978,1,18.1
ChIJx5xglOWLGGARdd7M-b9CHIs,35.6725784,139.7635849,2,2.4
ChIJAQCMlOWLGGAR4T4xUl5JvXg,35.6724212,139.7635849,1,13.5
ChIJx5xglOWLGGARKWlekewjOgQ,35.6724212,139.7635849,1,13.5
ChIJj2L0lOWLGGAR78ezvKfUTdg,35.6724212,139.7635849,1,13.5
ChIJx5xglOWLGGAR9kHSt1nn2JI,35.6724212,139.7635849,1,13.5
ChIJx5xglOWLGGARPKEerh1vHq4,35.6725784,139.7635849,2,2.4
ChIJAQCMlOWLGGARrFty8kwbvmQ,35.6725784,139.7635849,2,2.4
ChIJ7VO-l1GLGGARPZcXagkEEo8,35.6725784,139.7635849,2,2.4
ChIJx5xglOWLGGAR79c1xYuaTZo,35.6725784,139.7635849,2,2.4
ChIJl6tQdu-LGGARiXKORRM9vlE,35.6728928,139.7620367,2,20.6
ChIJE48Qee-LGGAR-FkEsxa6AV8,35.6727356,139.7622303,2,9.9
ChIJR3lmR8WLGGARnXuo_Iowg2k,35.6727356,139.7620367,1,10.1
ChIJ4-DLfu-LGGAR87RPgOruwVg,35.6727356,139.7624238,1,17.5
ChIJ8S5SheWLGGARTp2mAHzl03M,35.6728928,139.7631978,2,2.8
ChIJNxpGlOWLGGAR-rgAvDGH7KY,35.6727356,139.7635849,1,12.0
ChIJabUTLdSLGGARlRehVB81_yU,35.6727356,139.7635849,1,12.0
ChIJ7dZIlOWLGGARexghfU7Xjgk,35.6727356,139.7635849,1,12.0
ChIJ7dZIlOWLGGARa8kfuaRkmzE,35.6727356,139.7635849,1,12.0
ChIJVby9v-WLGGARnltUYdiZuBk,35.6727356,139.7635849,1,12.0
ChIJserd8uWLGGAR99b_ykQN_kM,35.6730500,139.7620367,1,13.1
ChIJlWtZmeWLGGARQBfXAe2_Me8,35.6730500,139.7630043,2,9.9
ChIJV6q0nOWLGGARxEv8mCGrcnw,35.6730500,139.7635849,1,12.7
ChIJBw4EnOWLGGARKvCAJfWWF3I,35.6730500,139.7635849,1,12.7
ChIJ6cZmFKDzGGARoGlWudZUYeY,35.7054876,139.6858025,2,15.7
ChIJWXng48vyGGARm8-y0dxYPBg,35.7053304,139.6861897,1,5.8
ChIJM1Cn0EDzGGARFT6ckAlzKOw,35.7053304,139.6861897,1,5.8
ChIJffDd48vyGGARNajrqdlHgFM,35.7053304,139.6861897,1,5.8
ChIJ4eez4MvyGGARhUxCGJNW5HE,35.7054876,139.6861897,2,10.4
ChIJuSrMu1TzGGARcKLN1-xbRwU,35.7054876,139.6861897,2,10.4
ChIJq6ov5svyGGARC2Qkrm7cNpk,35.7054876,139.6865769,2,16.2
ChIJvUroK6DzGGARmNcqVoAacEU,35.7056448,139.6861897,1,4.3
ChIJ4eez4MvyGGAR-92HH2tw9e0,35.7056448,139.6863833,2,11.3
ChIJMdbN2cvyGGARDzNEEp__0TY,35.7059592,139.6861897,1,13.0
ChIJwbZ83MvyGGARpe0KPVLqRXk,35.7059592,139.6865769,1,5.7
ChIJn8P0Z0bzGGARQxbUqXhdhYM,35.7059592,139.6865769,1,5.7
ChIJE6_4zJbzGGAR0hoLOfi3XvM,35.7061164,139.6869641,2,31.1
ChIJxTb3wMvyGGARZWWl2i-WhFI,35.7061164,139.6873513,2,10.2
ChIJc8TIfcnyGGARUE_aEEoUkMs,35.7062736,139.6859961,2,3.8
ChIJ6_hBKADzGGAR8LjTQZ2uI8U,35.7065880,139.6858025,1,6.1
ChIJ4ffNw0XzGGAR6-_oBJP1Zzk,35.7065880,139.6858025,1,6.1
ChIJLT0fgsnyGGAR5_VuKKj0V0U,35.7065880,139.6858025,1,6.1
ChIJ0QdbgMnyGGARPdb95-PWr3Q,35.7065880,139.6858025,1,6.1
ChIJ-9GJgMnyGGARnQmKcq3kS78,35.7065880,139.6859961,2,14.0
ChIJfTI9Qv7zGGARU6MDlU4LBXM,35.7065880,139.6858025,1,6.1
ChIJ0eQmNwDzGGARYQk-OWmMunY,35.7065880,139.6858025,1,6.1
ChIJAzJu06PzGGAR3ni4koNfCTA,35.7065880,139.6858025,1,6.1
ChIJOwSZWwDzGGARksSsErjEBY4,35.7065880,139.6858025,1,6.1
ChIJXUFb1MvyGGAR7PqrQSAiTas,35.7065880,139.6861897,1,7.8
ChIJPehc1MvyGGAR517NLt-snfg,35.7065880,139.6861897,1,7.8
ChIJi2sll2_zGGARTDyanEM39I4,35.7065880,139.6861897,1,7.8
ChIJPehc1MvyGGARHXcy42y42cc,35.7065880,139.6861897,1,7.8
ChIJBULT08vyGGAR402RBDCfU6c,35.7065880,139.6865769,1,7.9
ChIJbwucrxzzGGARK-n2knRdYaE,35.7065880,139.6865769,1,7.9
ChIJgRUlhE7zGGARlqMAHkt-67w,35.7065880,139.6865769,1,7.9
ChIJU5wA08vyGGAR3YiL2SYUT_A,35.7065880,139.6865769,1,7.9
ChIJz4cpuMvyGGARGjccRfMPyNI,35.7065880,139.6873513,1,4.9
ChIJp7GJbdlnH2ARZntGKej__3E,36.5596181,139.8840265,1,6.8
ChIJAQDMlbxnH2AR4eloFu-5Joo,36.5596181,139.8840265,1,6.8
ChIJT_5xaftnH2ARGmssyNehnnE,36.5596181,139.8840265,1,6.8
ChIJfzKLv7xnH2ARlFkTeFO97SY,36.5596181,139.8842223,2,6.1
ChIJHa7I19NnH2ARTLIxCJd4dI0,36.5596181,139.8846137,2,0.2
ChIJTdeiIwBnH2ARDASjBoZQiDk,36.5596181,139.8846137,2,0.2
ChIJm6xWv7xnH2ARNvrAeZ62ZAA,36.5596181,139.8846137,2,0.2
ChIJm6xWv7xnH2ARjM2sHQNx1Hg,36.5596181,139.8846137,2,0.2
ChIJoXdTENNnH2ARabYUFE-G2HE,36.5596181,139.8846137,2,0.2
ChIJ1VJDx7xnH2ARhiK5Fm9c-8c,36.5596181,139.8846137,2,0.2
ChIJOa8EoSZnH2AR5pU6skqcPWQ,36.5596181,139.8846137,2,0.2
ChIJRauQLb1nH2ARNG_7g4qyU3M,36.5596181,139.8846137,2,0.2
ChIJSWBLw-FnH2ARbPPsBN8Mz-U,36.5596181,139.8848094,1,2.5
ChIJA0G0x7xnH2AR-Ay1MBkkwlc,36.5596181,139.8848094,1,2.5
ChIJsWAhRGpnH2ARd2231EWWlNQ,36.5596181,139.8848094,1,2.5
ChIJZXwJzbxnH2ARM-ynOEpv30A,36.5596181,139.8852008,1,16.2
ChIJfzVEyrxnH2AR4qb14kfJu7g,36.5597753,139.8852008,2,3.1
ChIJuTH-MqNnH2AR-Br4Gf6D3zI,36.5596181,139.8855923,1,6.7
ChIJD_dT9MhnH2ARQwaAJSol5fA,36.5597753,139.8855923,2,8.8
ChIJTTPlLwBnH2ARjwpkYC8lpCA,36.5597753,139.8855923,2,8.8
ChIJK4-gX8hnH2ARzqTvkYoIn24,36.5597753,139.8855923,2,8.8
ChIJK04u7KVnH2ARGuniRNeujG8,36.5596181,139.8855923,1,6.7
ChIJ5-PzB3tnH2AR0RrWYb55Nx4,36.5596181,139.8855923,1,6.7
ChIJrwsaLaNnH2ARVrKrcq-O3lA,36.5596181,139.8855923,1,6.7
ChIJ9db9PaNnH2ARxCH8K4WZLhc,36.5600897,139.8840265,2,7.4
ChIJs7Z5wmFnH2ARZoX2uwLWFWU,36.5599325,139.8844180,1,4.9
ChIJC3tNvLxnH2ARQh1J9M6Qchw,36.5599325,139.8844180,1,4.9
ChIJn3FMubxnH2ARkT1LnIqUHeY,36.5599325,139.8844180,1,4.9
ChIJYU0IvLxnH2AR12Z50YrbEAg,36.5599325,139.8844180,1,4.9
ChIJxctue6tnH2ARueJBdgpwc68,36.5599325,139.8844180,1,4.9
ChIJD05hGeBnH2AR7focRfztCU4,36.5599325,139.8844180,1,4.9
ChIJdYryvbxnH2ARycSyaFnSq3Q,36.5599325,139.8844180,1,4.9
ChIJOW93c9NnH2AR8JoSIki7Vyk,36.5599325,139.8844180,1,4.9
ChIJK3HkvLxnH2ARyZPNl3FZQm0,36.5600897,139.8844180,2,4.2
ChIJxw_Op0JnH2ARrMtWMwLDLdE,36.5600897,139.8844180,2,4.2
ChIJXW1hubxnH2ARPnJCDU3aTfU,36.5599325,139.8846137,2,3.8
ChIJHTYIx5dnH2AR7earqnmslZw,36.5599325,139.8846137,2,3.8
ChIJXW1hubxnH2ARSzXZst5JZcc,36.5599325,139.8846137,2,3.8
ChIJAXCRubxnH2ARvZzaz2Zqnxw,36.5599325,139.8846137,2,3.8
ChIJFZXXubxnH2ARS-BcPQIJ4Zs,36.5599325,139.8848094,1,3.0
ChIJS1nUubxnH2ARob1puNSKIS8,36.5599325,139.8848094,1,3.0
ChIJ385xzs1nH2ARs1yY6GSgVHQ,36.5599325,139.8848094,1,3.0
ChIJM1LO8A5nH2ARhn-6tosTn1E,36.5599325,139.8848094,1,3.0
ChIJSXkTgZ5nH2ARWyi45yMmvRE,36.5599325,139.8848094,1,3.0
ChIJH4WtubxnH2ARY7Xie0TV-PY,36.5599325,139.8848094,1,3.0
ChIJnWMXOKlnH2ARaQZiZmIkKKE,36.5599325,139.8848094,1,3.0
ChIJqY2EYUBnH2ARNtWGSUY8-ps,36.5599325,139.8848094,1,3.0
ChIJy0bUubxnH2AR5_E2HH154JY,36.5599325,139.8848094,1,3.0
ChIJOaZtZ2pnH2ARXx0ryXwOmFk,36.5600897,139.8848094,2,12.8
ChIJS1nUubxnH2ARuJlXfZJVwDg,36.5599325,139.8848094,1,3.0
ChIJB44nyLxnH2AR00XU9dJUmjk,36.5599325,139.8848094,1,3.0
ChIJmfxCNABnH2ARY4mlaYZmW_Q,36.5600897,139.8848094,2,12.8
ChIJCenxSIFnH2ARZ1JXtG3v34g,36.5600897,139.8848094,2,12.8
ChIJh62MYA9nH2ARgrPOMxubYuI,36.5599325,139.8850051,2,1.9
ChIJhY8Y7k5nH2ARU3Ca5LBowpw,36.5599325,139.8852008,1,5.9
ChIJ0f4EQABnH2ARjdPCXweWuiA,36.5599325,139.8852008,1,5.9
ChIJ5-d7yrxnH2AR3LlEL9JSxhw,36.5599325,139.8852008,1,5.9
ChIJ940_UQBnH2ARVQH1aFeCzc0,36.5599325,139.8852008,1,5.9
ChIJAQAPtrxnH2ARSxNPJdpaWc4,36.5599325,139.8852008,1,5.9
ChIJP36UGGRnH2ARncnLO4b_pcQ,36.5599325,139.8852008,1,5.9
ChIJjVZ4M6NnH2ARzpEgRXxDwWc,36.5599325,139.8853965,2,9.4
ChIJl1DGtLxnH2ARQqIcdsFqHMQ,36.5600897,139.8852008,2,4.7
ChIJHYcOsbxnH2ARzp3VRQ_hvQo,36.5600897,139.8852008,2,4.7
ChIJrbyLSsJnH2AR7TXZGHFg6Ps,36.5599325,139.8855923,1,4.6
ChIJ13_Y-xBnH2AR2amJOFMf42c,36.5599325,139.8855923,1,4.6
ChIJyQctAYNnH2AR3XWwiXV1_8I,36.5599325,139.8855923,1,4.6
ChIJ__9gNKNnH2ARIhDp8FAqCq4,36.5599325,139.8855923,1,4.6
ChIJn2sKGh5nH2ARmwylDd2FH40,36.5599325,139.8855923,1,4.6
ChIJJ_WP93hnH2ARaqcEfjSipa8,36.5599325,139.8855923,1,4.6
ChIJFfUipCpnH2ARdQb99Gi9LvI,36.5599325,139.8855923,1,4.6
ChIJXx02YABnH2ARrs9LXMIsUfA,36.5600897,139.8855923,2,11.7
ChIJHWF1FQBnH2ARhmHXwy7DWJ8,36.5599325,139.8855923,1,4.6
ChIJQX_QmLxnH2ARWpEegEcjNaE,36.5602469,139.8840265,1,3.6
ChIJE73Jf8tnH2ARLyL3yR0h7wo,36.5602469,139.8840265,1,3.6
ChIJsQCJKKNnH2ARRCP0yOwv4pY,36.5602469,139.8840265,1,3.6
ChIJT3OoZQBnH2ARZcsB2hW_KVA,36.5604041,139.8840265,2,4.9
ChIJi-VqAY1nH2ARUfa_7U5MPBs,36.5602469,139.8840265,1,3.6
ChIJ1UWuQgBnH2ARb8mti2iRHOA,36.5604041,139.8840265,2,4.9
ChIJS45pk-pnH2ARirkae9htTt4,36.5602469,139.8842223,2,2.9
ChIJYRVlzGdnH2ARV6tLNwgGOAM,36.5602469,139.8842223,2,2.9
ChIJd6oirrxnH2AR550vXlCtxvo,36.5602469,139.8844180,1,1.9
ChIJTSlho7xnH2ARi6xCSX58goM,36.5602469,139.8844180,1,1.9
ChIJrwZco7xnH2ARCHEQXdcCWiU,36.5602469,139.8844180,1,1.9
ChIJ8zfPKQBnH2ARZz2HXdCrLg8,36.5602469,139.8844180,1,1.9
ChIJKRsiyopnH2ARYqmxnrdCulo,36.5602469,139.8844180,1,1.9
ChIJzxAU7ElnH2ARICwir7UhZNk,36.5602469,139.8846137,2,9.3
ChIJa4HEurxnH2ARD75mJ-5K_FI,36.5602469,139.8848094,1,5.0
ChIJD6ylNTpnH2ARPm8rDtGUh-c,36.5602469,139.8848094,1,5.0
ChIJ0-1dYABnH2AR0tEqJwHGGPo,36.5602469,139.8850051,2,9.7
ChIJf_qz7-RnH2AR6wj13MP6KZM,36.5602469,139.8850051,2,9.7
ChIJ0xBzIpJnH2ARq7-FiSpZ2-Y,36.5602469,139.8850051,2,9.7
ChIJ74DGFwBnH2ARQS-AfGucB8w,36.5602469,139.8852008,1,5.0
ChIJUxlURL9nH2ARApev4mZ2xwA,36.5602469,139.8852008,1,5.0
ChIJS1nUubxnH2AR2IXdw4FpzPI,36.5602469,139.8852008,1,5.0
ChIJ8_mOs7xnH2AR-ip9se4fwDY,36.5602469,139.8852008,1,5.0
ChIJw62_SQBnH2ARuiXCP4bXUzo,36.5602469,139.8852008,1,5.0
ChIJddMZxBBnH2ARHcnhvZ7h_xc,36.5602469,139.8852008,1,5.0
ChIJ30UEsrxnH2ARcpl8eutXLc4,36.5604041,139.8852008,2,3.5
ChIJqcXHsbxnH2ARMqPhqULlOYc,36.5604041,139.8852008,2,3.5
ChIJiSzi5y9nH2ARUJp9C-W7w3Y,36.5602469,139.8855923,1,1.0
ChIJy2tFvZ5nH2AREmvzIWbni28,36.5602469,139.8855923,1,1.0
ChIJnTsBx2hnH2AR9e1zhXECc9c,36.5602469,139.8855923,1,1.0
ChIJ__ifxDtnH2ARdZ-KRCl7AG8,36.5602469,139.8855923,1,1.0
ChIJi_IVaqFnH2ARlqTgGcmNM4g,36.5602469,139.8855923,1,1.0
ChIJj2R9fpBnH2ARkB4u8Szuo4s,36.5602469,139.8855923,1,1.0
ChIJOyyR1MlnH2ARGNREqTWic-w,36.5602469,139.8855923,1,1.0
ChIJEVe-B8xnH2ARloAT8foDDDU,36.5602469,139.8855923,1,1.0
ChIJ6fq80TRnH2ARevWNUwD-pLc,36.5602469,139.8855923,1,1.0
ChIJu0psOaVnH2AReaZFBD5Z4LI,36.5602469,139.8855923,1,1.0
ChIJv8fwLcNnH2ARw4db7HnXZVI,36.5602469,139.8855923,1,1.0
ChIJy7pUETRnH2ARRnYFMChcu-M,36.5602469,139.8855923,1,1.0
ChIJe4aFMQBnH2AR3JC5UK7E4Hg,36.5602469,139.8855923,1,1.0
ChIJc2K5PQpnH2ARp67A4J8opcY,36.5602469,139.8855923,1,1.0
ChIJTzFES6NnH2ARSVGRUQOuxGI,36.5602469,139.8855923,1,1.0
ChIJHey7rdtnH2ARFO_E7Tbqcz8,36.5602469,139.8855923,1,1.0
ChIJaykkSqNnH2ARA1gSiSUSm3Y,36.5602469,139.8855923,1,1.0
ChIJY8b62pJnH2ARnLMAaX9zx6I,36.5602469,139.8855923,1,1.0
ChIJR2IRWQBnH2ARvE5kMcV2Uck,36.5602469,139.8855923,1,1.0
ChIJn9vwn7xnH2ARxgL1aUZr_rc,36.5605613,139.8840265,1,9.6
ChIJwZ7SNmpnH2AROi48VraSQkQ,36.5605613,139.8840265,1,9.6
ChIJzepL9SJnH2ARS7Q23lk9nVE,36.5605613,139.8840265,1,9.6
ChIJ9QCreQBnH2ARmDvntb6G4-M,36.5605613,139.8842223,2,7.0
ChIJEYibpbxnH2ARyh_niWWYkro,36.5605613,139.8848094,1,15.9
ChIJz-ICsbxnH2ARZIVho03Pb84,36.5605613,139.8852008,1,14.2
ChIJU1_z1O9nH2AR6CJRmLLBk60,36.5607185,139.8852008,2,1.4
ChIJQ9lQwuRnH2AR2IGQNW_txBE,36.5607185,139.8852008,2,1.4
ChIJb7qui1BnH2ARv37qOnSBHCU,36.5605613,139.8855923,1,0.7
ChIJiQ5ATaNnH2ARgsg3sj2jaho,36.5605613,139.8855923,1,0.7
ChIJk6O9jPRnH2ARzYyWvNpn5-k,36.5605613,139.8855923,1,0.7
ChIJlx8wTKNnH2AR5iq8MbRT6iQ,36.5605613,139.8855923,1,0.7
ChIJP7YhTKNnH2ARXCr8JwDz9mE,36.5605613,139.8855923,1,0.7
ChIJE0j-RqNnH2ARw6UegDymba8,36.5605613,139.8855923,1,0.7
ChIJrTBLaABnH2ARsElC04xgxw4,36.5605613,139.8855923,1,0.7
ChIJpUXWfIxnH2ARFau17Dw0LzQ,36.5608757,139.8840265,1,21.2
ChIJBaFYsDJnH2AR-43rO3KDCJg,36.5608757,139.8848094,1,15.3
ChIJ5apMc6dnH2AROypXit5AATs,36.5608757,139.8848094,1,15.3
ChIJPxmLrLxnH2AR7L-NnHUE704,36.5608757,139.8852008,1,14.0
ChIJKQ3DrLxnH2ARbiTMcEB79P4,36.5608757,139.8852008,1,14.0
ChIJN_jq3ABnH2ARTIBk330ySN0,36.5608757,139.8852008,1,14.0
ChIJEy78qbxnH2ARqqrteeXhCqM,36.5608757,139.8852008,1,14.0
ChIJm2gOcp5nH2ARvj1108_HBvo,36.5608757,139.8852008,1,14.0
ChIJKQ3DrLxnH2ARXxlTLnujIgA,36.5608757,139.8853965,2,6.8
ChIJKQ3DrLxnH2AR_dI79_xo7Cs,36.5608757,139.8853965,2,6.8
ChIJuXrhMwxnH2ARKJJWFI5f3_g,36.5608757,139.8855923,1,10.9
ChIJM7ExB_pnH2ARUDgPiIExwfg,36.5608757,139.8855923,1,10.9
ChIJ-e8legVnH2AR2IAB5hJJLrM,36.5608757,139.8855923,1,10.9
ChIJwzkHLABnH2ARZCatVtS_GpE,36.5608757,139.8855923,1,10.9
ChIJZfPEU6NnH2ARq40PD-FhUEA,36.5608757,139.8855923,1,10.9
